"","group.label"
"1","A_Han-4.DG"
"2","A_Mbuti-5.DG"
"3","A_Karitiana-4.DG"
"4","A_Yoruba-4.DG"
"5","A_Sardinian-4.DG"
"6","A_French-4.DG"
"7","A_Dinka-4.DG"
"8","A_Dai-5.DG"
"9","A_Mandenka-4.DG"
"10","A_Ju_hoan_North-5.DG"
"11","A_Papuan-16.DG"
"12","S_Jordanian-2.DG"
"13","S_Yakut-1.DG"
"14","S_Altaian-1.DG"
"15","BR_Kurumba-1.DG"
"16","S_Luo-2.DG"
"17","S_Spanish-1.DG"
"18","S_Igbo-2.DG"
"19","S_Jordanian-3.DG"
"20","S_Punjabi-2.DG"
"21","S_Naxi-2.DG"
"22","S_Mbuti-3.DG"
"23","S_Adygei-1.DG"
"24","S_Bougainville-2.DG"
"25","S_Irula-2.DG"
"26","S_French-1.DG"
"27","S_Piapoco-1.DG"
"28","S_Bergamo-1.DG"
"29","S_Biaka-2.DG"
"30","S_Mandenka-1.DG"
"31","S_Kalash-1.DG"
"32","S_Burusho-1.DG"
"33","S_BedouinB-1.DG"
"34","S_Ju_hoan_North-2.DG"
"35","S_Papuan-1.DG"
"36","S_Surui-2.DG"
"37","S_Yoruba-2.DG"
"38","S_Iraqi_Jew-2.DG"
"39","S_Polish-1.DG"
"40","T_Sherpa-1.DG"
"41","S_Kalash-2.DG"
"42","S_Mandenka-2.DG"
"43","S_Daur-2.DG"
"44","S_Hazara-1.DG"
"45","S_BedouinB-2.DG"
"46","S_Burusho-2.DG"
"47","S_BantuHerero-2.DG"
"48","S_Mongola-2.DG"
"49","S_Oroqen-2.DG"
"50","S_Papuan-5.DG"
"51","S_Itelman-1.DG"
"52","S_Tlingit-2.DG"
"53","S_Yakut-2.DG"
"54","S_Eskimo_Chaplin-1.DG"
"55","S_Druze-1.DG"
"56","S_Papuan-13.DG"
"57","S_Kusunda-2.DG"
"58","S_Burmese-2.DG"
"59","S_Relli-1.DG"
"60","S_Kapu-1.DG"
"61","S_Tuscan-1.DG"
"62","S_Sindhi-2.DG"
"63","S_Russian-2.DG"
"64","S_Kongo-2.DG"
"65","T_Mada-1.DG"
"66","S_Oroqen-1.DG"
"67","S_Mongola-1.DG"
"68","S_Hazara-2.DG"
"69","T_Bakola-1.DG"
"70","S_Quechua-1.DG"
"71","S_Dusun-2.DG"
"72","S_Cree-2.DG"
"73","T_Mursi-1.DG"
"74","T_Kaba-2.DG"
"75","T_Aari-2.DG"
"76","S_Hungarian-1.DG"
"77","S_Tajik-2.DG"
"78","S_Abkhasian-1.DG"
"79","S_Chane-1.DG"
"80","S_Iranian-1.DG"
"81","S_Igbo-1.DG"
"82","S_Yadava-2.DG"
"83","S_Ami-1.DG"
"84","S_Cambodian-2.DG"
"85","T_Hadza-2.DG"
"86","T_Tikar_South-1.DG"
"87","T_Ogiek-1.DG"
"88","S_Korean-1.DG"
"89","S_Dai-2.DG"
"90","S_Uygur-2.DG"
"91","S_Eskimo_Sireniki-1.DG"
"92","S_Even-3.DG"
"93","S_Icelandic-2.DG"
"94","S_Thai-2.DG"
"95","S_Papuan-10.DG"
"96","S_Dinka-2.DG"
"97","S_Esan-1.DG"
"98","T_Kikuyu-2.DG"
"99","S_Brahmin-1.DG"
"100","S_Quechua-3.DG"
"101","T_Sengwer-2.DG"
"102","S_Madiga-1.DG"
"103","T_Sandawe-1.DG"
"104","T_Amhara-1.DG"
"105","T_Laka-1.DG"
"106","S_Igorot-2.DG"
"107","S_Uygur-1.DG"
"108","S_Punjabi-4.DG"
"109","S_Finnish-3.DG"
"110","B_Australian-3.DG"
"111","B_Mixe-1.DG"
"112","B_Sardinian-3.DG"
"113","B_Yoruba-3.DG"
"114","B_Karitiana-3.DG"
"115","B_Australian-4.DG"
"116","B_Mandenka-3.DG"
"117","B_Mbuti-4.DG"
"118","B_Papuan-15.DG"
"119","B_Ju_hoan_North-4.DG"
"120","S_Ju_hoan_North-1.DG"
"121","S_Ami-2.DG"
"122","S_Mansi-2.DG"
"123","S_Papuan-12.DG"
"124","S_She-1.DG"
"125","S_Eskimo_Naukan-2.DG"
"126","S_BantuTswana-1.DG"
"127","S_Even-1.DG"
"128","S_Iraqi_Jew-1.DG"
"129","T_Sherpa-2.DG"
"130","S_Czech-2.DG"
"131","B_Crete-1.DG"
"132","S_Bengali-1.DG"
"133","S_Lezgin-2.DG"
"134","S_Greek-1.DG"
"135","S_Yi-1.DG"
"136","S_Armenian-1.DG"
"137","S_Estonian-2.DG"
"138","S_Pima-2.DG"
"139","S_Tujia-2.DG"
"140","B_Dai-4.DG"
"141","S_Atayal-1.DG"
"142","S_Luhya-2.DG"
"143","S_English-1.DG"
"144","S_Tubalar-2.DG"
"145","B_Crete-2.DG"
"146","T_Tibetan-2.DG"
"147","S_Irula-1.DG"
"148","S_Yadava-1.DG"
"149","T_Bedzan-1.DG"
"150","S_Igorot-1.DG"
"151","S_Tajik-1.DG"
"152","S_Finnish-1.DG"
"153","S_Kinh-1.DG"
"154","T_Aari-1.DG"
"155","T_Kaba-1.DG"
"156","S_Tujia-1.DG"
"157","S_Thai-1.DG"
"158","S_Dinka-1.DG"
"159","S_Aleut-2.DG"
"160","S_Eskimo_Sireniki-2.DG"
"161","S_Brahui-2.DG"
"162","S_Tu-1.DG"
"163","S_Pathan-1.DG"
"164","S_Papuan-2.DG"
"165","S_Sardinian-1.DG"
"166","S_Papuan-9.DG"
"167","S_Russian-1.DG"
"168","S_Sindhi-1.DG"
"169","S_Tuscan-2.DG"
"170","T_Elmolo-2.DG"
"171","T_Baka-1.DG"
"172","S_Dai-3.DG"
"173","S_Han-1.DG"
"174","S_Japanese-2.DG"
"175","S_Makrani-2.DG"
"176","S_Balochi-1.DG"
"177","S_Basque-2.DG"
"178","S_Brahui-1.DG"
"179","S_Miao-2.DG"
"180","S_Orcadian-2.DG"
"181","BR_Mala-1.DG"
"182","S_Kinh-2.DG"
"183","S_Finnish-2.DG"
"184","T_Ogiek-2.DG"
"185","T_Tikar_South-2.DG"
"186","S_Relli-2.DG"
"187","T_Mursi-2.DG"
"188","T_Bulala-2.DG"
"189","T_Agaw-2.DG"
"190","B_Han-3.DG"
"191","B_French-3.DG"
"192","S_Armenian-2.DG"
"193","S_Mala-3.DG"
"194","S_Dusun-1.DG"
"195","S_Mansi-1.DG"
"196","S_Chipewyan-2.DG"
"197","S_Masai-1.DG"
"198","S_Papuan-7.DG"
"199","S_She-2.DG"
"200","S_BantuTswana-2.DG"
"201","S_Eskimo_Naukan-1.DG"
"202","S_Yemenite_Jew-1.DG"
"203","S_Hawaiian-1.DG"
"204","T_Bakola-2.DG"
"205","S_Luo-1.DG"
"206","S_Turkish-2.DG"
"207","T_Fulani-1.DG"
"208","S_Turkish-1.DG"
"209","S_Punjabi-3.DG"
"210","S_Esan-2.DG"
"211","S_Spanish-2.DG"
"212","T_Ngumba-1.DG"
"213","T_Rendille-1.DG"
"214","T_Iraqw-2.DG"
"215","S_Iranian-2.DG"
"216","S_Papuan-8.DG"
"217","S_Lemande-1.DG"
"218","S_Aleut-1.DG"
"219","S_Lemande-2.DG"
"220","S_BantuKenya-1.DG"
"221","S_Zapotec-2.DG"
"222","S_Greek-2.DG"
"223","S_Khomani_San-1.DG"
"224","S_North_Ossetian-1.DG"
"225","S_Mixe-2.DG"
"226","S_Jordanian-1.DG"
"227","S_Yemenite_Jew-2.DG"
"228","T_Tibetan-1.DG"
"229","S_Orcadian-1.DG"
"230","S_Miao-1.DG"
"231","S_Mixtec-2.DG"
"232","S_Basque-1.DG"
"233","S_Balochi-2.DG"
"234","S_Makrani-1.DG"
"235","S_Japanese-1.DG"
"236","S_Han-2.DG"
"237","S_Punjabi-1.DG"
"238","S_Palestinian-1.DG"
"239","S_Maori-1.DG"
"240","S_Norwegian-1.DG"
"241","S_Ulchi-2.DG"
"242","S_Mende-1.DG"
"243","S_Gambian-1.DG"
"244","S_Saharawi-1.DG"
"245","S_Kyrgyz-2.DG"
"246","S_Cree-1.DG"
"247","S_Georgian-2.DG"
"248","S_Nahua-2.DG"
"249","S_Surui-1.DG"
"250","S_Papuan-3.DG"
"251","S_Ju_hoan_North-3.DG"
"252","BR_Kashmiri_Pandit-1.DG"
"253","S_Tu-2.DG"
"254","S_Sardinian-2.DG"
"255","S_Pathan-2.DG"
"256","S_Zapotec-1.DG"
"257","S_Chechen-1.DG"
"258","S_Abkhasian-2.DG"
"259","S_Xibo-1.DG"
"260","S_Somali-1.DG"
"261","S_Icelandic-1.DG"
"262","S_Gambian-2.DG"
"263","S_Mende-2.DG"
"264","S_Ulchi-1.DG"
"265","S_Saami-1.DG"
"266","S_Madiga-2.DG"
"267","S_Tubalar-1.DG"
"268","S_English-2.DG"
"269","S_Luhya-1.DG"
"270","S_Saami-2.DG"
"271","S_Dai-1.DG"
"272","S_Samaritan-1.DG"
"273","S_Palestinian-2.DG"
"274","S_Mozabite-1.DG"
"275","S_Mayan-1.DG"
"276","S_Karitiana-1.DG"
"277","S_Hezhen-1.DG"
"278","S_Druze-2.DG"
"279","S_Cambodian-1.DG"
"280","S_Biaka-1.DG"
"281","S_Hungarian-2.DG"
"282","T_Mada-2.DG"
"283","S_Kapu-2.DG"
"284","S_Bulgarian-1.DG"
"285","S_Burmese-1.DG"
"286","S_Tlingit-1.DG"
"287","S_BantuHerero-1.DG"
"288","S_Lahu-2.DG"
"289","S_Pima-1.DG"
"290","T_Iraqw-1.DG"
"291","T_Rendille-2.DG"
"292","T_Ngumba-2.DG"
"293","S_Mixe-3.DG"
"294","S_North_Ossetian-2.DG"
"295","S_BantuKenya-2.DG"
"296","S_Bougainville-1.DG"
"297","S_Adygei-2.DG"
"298","S_Bergamo-2.DG"
"299","S_Lahu-1.DG"
"300","S_Piapoco-2.DG"
"301","S_French-2.DG"
"302","S_Mbuti-2.DG"
"303","S_Naxi-3.DG"
"304","T_Bedzan-2.DG"
"305","T_Laka-2.DG"
"306","S_Quechua-2.DG"
"307","T_Baka-2.DG"
"308","S_Mozabite-2.DG"
"309","S_Palestinian-3.DG"
"310","S_Bulgarian-2.DG"
"311","S_Yoruba-1.DG"
"312","S_Georgian-1.DG"
"313","S_Khonda_Dora-1.DG"
"314","S_Mala-2.DG"
"315","T_Kikuyu-1.DG"
"316","T_Agaw-1.DG"
"317","T_Bulala-1.DG"
"318","S_Hezhen-2.DG"
"319","S_Karitiana-2.DG"
"320","S_Mayan-2.DG"
"321","S_Naxi-1.DG"
"322","S_Papuan-14.DG"
"323","S_Papuan-4.DG"
"324","S_Masai-2.DG"
"325","S_Papuan-6.DG"
"326","S_Chukchi-1.DG"
"327","S_Khomani_San-2.DG"
"328","S_Japanese-3.DG"
"329","S_Mbuti-1.DG"
"330","S_Papuan-11.DG"
"331","S_Mixtec-1.DG"
"332","T_Elmolo-1.DG"
"333","T_Sengwer-1.DG"
"334","S_Brahmin-2.DG"
"335","T_Amhara-2.DG"
"336","S_Xibo-2.DG"
"337","S_Even-2.DG"
"338","S_Saharawi-2.DG"
"339","S_Kyrgyz-1.DG"
"340","S_Albanian-1.DG"
"341","S_Korean-2.DG"
"342","T_Fulani-2.DG"
"343","Vindija_snpAD.DG"
"344","B_Dinka-3.DG"
"345","S_Bengali-2.DG"
"346","S_Estonian-1.DG"
"347","S_Yi-2.DG"
"348","S_Chipewyan-1.DG"
"349","S_Lezgin-1.DG"
"350","S_Kusunda-1.DG"
"351","Avar.SG"
"352","BI16.SG"
"353","Bur1.SG"
"354","Bur2.SG"
"355","HGDP00877.SG"
"356","HUI03.SG"
"357","Kor1.SG"
"358","Kor2.SG"
"359","Manny.SG"
"360","Mari.SG"
"361","TA6.SG"
"362","Tadjik.SG"
"363","Tsimshian.SG"
"364","Y2040.SG"
"365","HG00096.SG"
"366","HG00097.SG"
"367","HG00099.SG"
"368","HG00100.SG"
"369","HG00101.SG"
"370","HG00102.SG"
"371","HG00103.SG"
"372","HG00105.SG"
"373","HG00106.SG"
"374","HG00107.SG"
"375","HG00108.SG"
"376","HG00109.SG"
"377","HG00110.SG"
"378","HG00111.SG"
"379","HG00112.SG"
"380","HG00113.SG"
"381","HG00114.SG"
"382","HG00115.SG"
"383","HG00116.SG"
"384","HG00117.SG"
"385","HG00118.SG"
"386","HG00119.SG"
"387","HG00120.SG"
"388","HG00121.SG"
"389","HG00122.SG"
"390","HG00123.SG"
"391","HG00124.SG"
"392","HG00125.SG"
"393","HG00126.SG"
"394","HG00127.SG"
"395","HG00128.SG"
"396","HG00129.SG"
"397","HG00130.SG"
"398","HG00131.SG"
"399","HG00132.SG"
"400","HG00133.SG"
"401","HG00136.SG"
"402","HG00137.SG"
"403","HG00138.SG"
"404","HG00139.SG"
"405","HG00140.SG"
"406","HG00141.SG"
"407","HG00142.SG"
"408","HG00143.SG"
"409","HG00145.SG"
"410","HG00146.SG"
"411","HG00148.SG"
"412","HG00149.SG"
"413","HG00150.SG"
"414","HG00151.SG"
"415","HG00154.SG"
"416","HG00155.SG"
"417","HG00157.SG"
"418","HG00158.SG"
"419","HG00159.SG"
"420","HG00160.SG"
"421","HG00171.SG"
"422","HG00173.SG"
"423","HG00174.SG"
"424","HG00176.SG"
"425","HG00177.SG"
"426","HG00178.SG"
"427","HG00179.SG"
"428","HG00180.SG"
"429","HG00181.SG"
"430","HG00182.SG"
"431","HG00183.SG"
"432","HG00185.SG"
"433","HG00186.SG"
"434","HG00187.SG"
"435","HG00188.SG"
"436","HG00189.SG"
"437","HG00190.SG"
"438","HG00231.SG"
"439","HG00232.SG"
"440","HG00233.SG"
"441","HG00234.SG"
"442","HG00235.SG"
"443","HG00236.SG"
"444","HG00237.SG"
"445","HG00238.SG"
"446","HG00239.SG"
"447","HG00240.SG"
"448","HG00242.SG"
"449","HG00243.SG"
"450","HG00244.SG"
"451","HG00245.SG"
"452","HG00246.SG"
"453","HG00250.SG"
"454","HG00251.SG"
"455","HG00252.SG"
"456","HG00253.SG"
"457","HG00254.SG"
"458","HG00255.SG"
"459","HG00256.SG"
"460","HG00257.SG"
"461","HG00258.SG"
"462","HG00259.SG"
"463","HG00260.SG"
"464","HG00261.SG"
"465","HG00262.SG"
"466","HG00263.SG"
"467","HG00264.SG"
"468","HG00265.SG"
"469","HG00266.SG"
"470","HG00267.SG"
"471","HG00268.SG"
"472","HG00269.SG"
"473","HG00271.SG"
"474","HG00272.SG"
"475","HG00273.SG"
"476","HG00274.SG"
"477","HG00275.SG"
"478","HG00276.SG"
"479","HG00277.SG"
"480","HG00278.SG"
"481","HG00280.SG"
"482","HG00281.SG"
"483","HG00282.SG"
"484","HG00284.SG"
"485","HG00285.SG"
"486","HG00288.SG"
"487","HG00290.SG"
"488","HG00304.SG"
"489","HG00306.SG"
"490","HG00308.SG"
"491","HG00309.SG"
"492","HG00310.SG"
"493","HG00311.SG"
"494","HG00313.SG"
"495","HG00315.SG"
"496","HG00318.SG"
"497","HG00319.SG"
"498","HG00320.SG"
"499","HG00321.SG"
"500","HG00323.SG"
"501","HG00324.SG"
"502","HG00325.SG"
"503","HG00326.SG"
"504","HG00327.SG"
"505","HG00328.SG"
"506","HG00329.SG"
"507","HG00330.SG"
"508","HG00331.SG"
"509","HG00332.SG"
"510","HG00334.SG"
"511","HG00335.SG"
"512","HG00336.SG"
"513","HG00337.SG"
"514","HG00338.SG"
"515","HG00339.SG"
"516","HG00341.SG"
"517","HG00342.SG"
"518","HG00343.SG"
"519","HG00344.SG"
"520","HG00345.SG"
"521","HG00346.SG"
"522","HG00349.SG"
"523","HG00350.SG"
"524","HG00351.SG"
"525","HG00353.SG"
"526","HG00355.SG"
"527","HG00356.SG"
"528","HG00357.SG"
"529","HG00358.SG"
"530","HG00360.SG"
"531","HG00361.SG"
"532","HG00362.SG"
"533","HG00364.SG"
"534","HG00365.SG"
"535","HG00366.SG"
"536","HG00367.SG"
"537","HG00368.SG"
"538","HG00369.SG"
"539","HG00371.SG"
"540","HG00372.SG"
"541","HG00373.SG"
"542","HG00375.SG"
"543","HG00376.SG"
"544","HG00378.SG"
"545","HG00379.SG"
"546","HG00380.SG"
"547","HG00381.SG"
"548","HG00382.SG"
"549","HG00383.SG"
"550","HG00384.SG"
"551","HG00403.SG"
"552","HG00404.SG"
"553","HG00406.SG"
"554","HG00407.SG"
"555","HG00409.SG"
"556","HG00410.SG"
"557","HG00419.SG"
"558","HG00421.SG"
"559","HG00422.SG"
"560","HG00428.SG"
"561","HG00436.SG"
"562","HG00437.SG"
"563","HG00442.SG"
"564","HG00443.SG"
"565","HG00445.SG"
"566","HG00446.SG"
"567","HG00448.SG"
"568","HG00449.SG"
"569","HG00451.SG"
"570","HG00452.SG"
"571","HG00457.SG"
"572","HG00458.SG"
"573","HG00463.SG"
"574","HG00464.SG"
"575","HG00472.SG"
"576","HG00473.SG"
"577","HG00475.SG"
"578","HG00476.SG"
"579","HG00478.SG"
"580","HG00479.SG"
"581","HG00500.SG"
"582","HG00501.SG"
"583","HG00513.SG"
"584","HG00524.SG"
"585","HG00525.SG"
"586","HG00530.SG"
"587","HG00531.SG"
"588","HG00533.SG"
"589","HG00534.SG"
"590","HG00536.SG"
"591","HG00537.SG"
"592","HG00542.SG"
"593","HG00543.SG"
"594","HG00551.SG"
"595","HG00553.SG"
"596","HG00554.SG"
"597","HG00556.SG"
"598","HG00557.SG"
"599","HG00559.SG"
"600","HG00560.SG"
"601","HG00565.SG"
"602","HG00566.SG"
"603","HG00580.SG"
"604","HG00581.SG"
"605","HG00583.SG"
"606","HG00584.SG"
"607","HG00589.SG"
"608","HG00590.SG"
"609","HG00592.SG"
"610","HG00593.SG"
"611","HG00595.SG"
"612","HG00596.SG"
"613","HG00598.SG"
"614","HG00599.SG"
"615","HG00607.SG"
"616","HG00608.SG"
"617","HG00610.SG"
"618","HG00611.SG"
"619","HG00613.SG"
"620","HG00614.SG"
"621","HG00619.SG"
"622","HG00620.SG"
"623","HG00622.SG"
"624","HG00623.SG"
"625","HG00625.SG"
"626","HG00626.SG"
"627","HG00628.SG"
"628","HG00629.SG"
"629","HG00631.SG"
"630","HG00632.SG"
"631","HG00634.SG"
"632","HG00635.SG"
"633","HG00637.SG"
"634","HG00638.SG"
"635","HG00640.SG"
"636","HG00641.SG"
"637","HG00650.SG"
"638","HG00651.SG"
"639","HG00653.SG"
"640","HG00654.SG"
"641","HG00656.SG"
"642","HG00657.SG"
"643","HG00662.SG"
"644","HG00663.SG"
"645","HG00671.SG"
"646","HG00672.SG"
"647","HG00674.SG"
"648","HG00675.SG"
"649","HG00683.SG"
"650","HG00684.SG"
"651","HG00689.SG"
"652","HG00690.SG"
"653","HG00692.SG"
"654","HG00693.SG"
"655","HG00698.SG"
"656","HG00699.SG"
"657","HG00701.SG"
"658","HG00702.SG"
"659","HG00704.SG"
"660","HG00705.SG"
"661","HG00707.SG"
"662","HG00708.SG"
"663","HG00717.SG"
"664","HG00728.SG"
"665","HG00729.SG"
"666","HG00731.SG"
"667","HG00732.SG"
"668","HG00733.SG"
"669","HG00734.SG"
"670","HG00736.SG"
"671","HG00737.SG"
"672","HG00739.SG"
"673","HG00740.SG"
"674","HG00742.SG"
"675","HG00743.SG"
"676","HG00759.SG"
"677","HG00766.SG"
"678","HG00844.SG"
"679","HG00851.SG"
"680","HG00864.SG"
"681","HG00867.SG"
"682","HG00879.SG"
"683","HG00881.SG"
"684","HG00956.SG"
"685","HG00978.SG"
"686","HG00982.SG"
"687","HG01028.SG"
"688","HG01029.SG"
"689","HG01031.SG"
"690","HG01046.SG"
"691","HG01047.SG"
"692","HG01048.SG"
"693","HG01049.SG"
"694","HG01051.SG"
"695","HG01052.SG"
"696","HG01054.SG"
"697","HG01055.SG"
"698","HG01058.SG"
"699","HG01060.SG"
"700","HG01061.SG"
"701","HG01063.SG"
"702","HG01064.SG"
"703","HG01066.SG"
"704","HG01067.SG"
"705","HG01069.SG"
"706","HG01070.SG"
"707","HG01072.SG"
"708","HG01073.SG"
"709","HG01075.SG"
"710","HG01077.SG"
"711","HG01079.SG"
"712","HG01080.SG"
"713","HG01082.SG"
"714","HG01083.SG"
"715","HG01085.SG"
"716","HG01086.SG"
"717","HG01088.SG"
"718","HG01089.SG"
"719","HG01092.SG"
"720","HG01094.SG"
"721","HG01095.SG"
"722","HG01097.SG"
"723","HG01098.SG"
"724","HG01101.SG"
"725","HG01102.SG"
"726","HG01104.SG"
"727","HG01105.SG"
"728","HG01107.SG"
"729","HG01108.SG"
"730","HG01110.SG"
"731","HG01111.SG"
"732","HG01112.SG"
"733","HG01113.SG"
"734","HG01119.SG"
"735","HG01121.SG"
"736","HG01122.SG"
"737","HG01124.SG"
"738","HG01125.SG"
"739","HG01130.SG"
"740","HG01131.SG"
"741","HG01133.SG"
"742","HG01134.SG"
"743","HG01136.SG"
"744","HG01137.SG"
"745","HG01139.SG"
"746","HG01140.SG"
"747","HG01142.SG"
"748","HG01148.SG"
"749","HG01149.SG"
"750","HG01161.SG"
"751","HG01162.SG"
"752","HG01164.SG"
"753","HG01167.SG"
"754","HG01168.SG"
"755","HG01170.SG"
"756","HG01171.SG"
"757","HG01173.SG"
"758","HG01174.SG"
"759","HG01176.SG"
"760","HG01177.SG"
"761","HG01182.SG"
"762","HG01183.SG"
"763","HG01187.SG"
"764","HG01188.SG"
"765","HG01190.SG"
"766","HG01191.SG"
"767","HG01197.SG"
"768","HG01198.SG"
"769","HG01200.SG"
"770","HG01204.SG"
"771","HG01205.SG"
"772","HG01241.SG"
"773","HG01242.SG"
"774","HG01247.SG"
"775","HG01248.SG"
"776","HG01250.SG"
"777","HG01251.SG"
"778","HG01253.SG"
"779","HG01254.SG"
"780","HG01256.SG"
"781","HG01257.SG"
"782","HG01259.SG"
"783","HG01260.SG"
"784","HG01269.SG"
"785","HG01271.SG"
"786","HG01272.SG"
"787","HG01275.SG"
"788","HG01277.SG"
"789","HG01280.SG"
"790","HG01281.SG"
"791","HG01284.SG"
"792","HG01286.SG"
"793","HG01302.SG"
"794","HG01303.SG"
"795","HG01305.SG"
"796","HG01308.SG"
"797","HG01311.SG"
"798","HG01312.SG"
"799","HG01323.SG"
"800","HG01325.SG"
"801","HG01326.SG"
"802","HG01334.SG"
"803","HG01341.SG"
"804","HG01342.SG"
"805","HG01344.SG"
"806","HG01345.SG"
"807","HG01348.SG"
"808","HG01350.SG"
"809","HG01351.SG"
"810","HG01353.SG"
"811","HG01354.SG"
"812","HG01356.SG"
"813","HG01357.SG"
"814","HG01359.SG"
"815","HG01360.SG"
"816","HG01362.SG"
"817","HG01363.SG"
"818","HG01365.SG"
"819","HG01366.SG"
"820","HG01369.SG"
"821","HG01372.SG"
"822","HG01374.SG"
"823","HG01375.SG"
"824","HG01377.SG"
"825","HG01378.SG"
"826","HG01383.SG"
"827","HG01384.SG"
"828","HG01389.SG"
"829","HG01390.SG"
"830","HG01392.SG"
"831","HG01393.SG"
"832","HG01395.SG"
"833","HG01396.SG"
"834","HG01398.SG"
"835","HG01402.SG"
"836","HG01403.SG"
"837","HG01405.SG"
"838","HG01412.SG"
"839","HG01413.SG"
"840","HG01414.SG"
"841","HG01431.SG"
"842","HG01432.SG"
"843","HG01435.SG"
"844","HG01437.SG"
"845","HG01438.SG"
"846","HG01440.SG"
"847","HG01441.SG"
"848","HG01443.SG"
"849","HG01444.SG"
"850","HG01447.SG"
"851","HG01455.SG"
"852","HG01456.SG"
"853","HG01459.SG"
"854","HG01461.SG"
"855","HG01462.SG"
"856","HG01464.SG"
"857","HG01465.SG"
"858","HG01468.SG"
"859","HG01474.SG"
"860","HG01479.SG"
"861","HG01485.SG"
"862","HG01486.SG"
"863","HG01488.SG"
"864","HG01489.SG"
"865","HG01491.SG"
"866","HG01492.SG"
"867","HG01494.SG"
"868","HG01495.SG"
"869","HG01497.SG"
"870","HG01498.SG"
"871","HG01500.SG"
"872","HG01501.SG"
"873","HG01503.SG"
"874","HG01504.SG"
"875","HG01506.SG"
"876","HG01507.SG"
"877","HG01509.SG"
"878","HG01510.SG"
"879","HG01512.SG"
"880","HG01513.SG"
"881","HG01515.SG"
"882","HG01516.SG"
"883","HG01518.SG"
"884","HG01519.SG"
"885","HG01521.SG"
"886","HG01522.SG"
"887","HG01524.SG"
"888","HG01525.SG"
"889","HG01527.SG"
"890","HG01528.SG"
"891","HG01530.SG"
"892","HG01531.SG"
"893","HG01536.SG"
"894","HG01537.SG"
"895","HG01550.SG"
"896","HG01551.SG"
"897","HG01556.SG"
"898","HG01565.SG"
"899","HG01566.SG"
"900","HG01571.SG"
"901","HG01572.SG"
"902","HG01577.SG"
"903","HG01578.SG"
"904","HG01583.SG"
"905","HG01586.SG"
"906","HG01589.SG"
"907","HG01593.SG"
"908","HG01595.SG"
"909","HG01596.SG"
"910","HG01597.SG"
"911","HG01598.SG"
"912","HG01599.SG"
"913","HG01600.SG"
"914","HG01602.SG"
"915","HG01603.SG"
"916","HG01605.SG"
"917","HG01606.SG"
"918","HG01607.SG"
"919","HG01608.SG"
"920","HG01610.SG"
"921","HG01612.SG"
"922","HG01613.SG"
"923","HG01615.SG"
"924","HG01617.SG"
"925","HG01618.SG"
"926","HG01619.SG"
"927","HG01620.SG"
"928","HG01623.SG"
"929","HG01624.SG"
"930","HG01625.SG"
"931","HG01626.SG"
"932","HG01628.SG"
"933","HG01630.SG"
"934","HG01631.SG"
"935","HG01632.SG"
"936","HG01668.SG"
"937","HG01669.SG"
"938","HG01670.SG"
"939","HG01672.SG"
"940","HG01673.SG"
"941","HG01675.SG"
"942","HG01676.SG"
"943","HG01678.SG"
"944","HG01679.SG"
"945","HG01680.SG"
"946","HG01682.SG"
"947","HG01684.SG"
"948","HG01685.SG"
"949","HG01686.SG"
"950","HG01694.SG"
"951","HG01695.SG"
"952","HG01697.SG"
"953","HG01699.SG"
"954","HG01700.SG"
"955","HG01702.SG"
"956","HG01704.SG"
"957","HG01705.SG"
"958","HG01707.SG"
"959","HG01708.SG"
"960","HG01709.SG"
"961","HG01710.SG"
"962","HG01746.SG"
"963","HG01747.SG"
"964","HG01756.SG"
"965","HG01757.SG"
"966","HG01761.SG"
"967","HG01762.SG"
"968","HG01765.SG"
"969","HG01766.SG"
"970","HG01767.SG"
"971","HG01768.SG"
"972","HG01770.SG"
"973","HG01771.SG"
"974","HG01773.SG"
"975","HG01775.SG"
"976","HG01776.SG"
"977","HG01777.SG"
"978","HG01779.SG"
"979","HG01781.SG"
"980","HG01783.SG"
"981","HG01784.SG"
"982","HG01785.SG"
"983","HG01786.SG"
"984","HG01789.SG"
"985","HG01790.SG"
"986","HG01791.SG"
"987","HG01794.SG"
"988","HG01795.SG"
"989","HG01796.SG"
"990","HG01797.SG"
"991","HG01798.SG"
"992","HG01799.SG"
"993","HG01800.SG"
"994","HG01801.SG"
"995","HG01802.SG"
"996","HGDP01319.SDG"
"997","HG01805.SG"
"998","HG01806.SG"
"999","HG01807.SG"
"1000","HG01808.SG"
"1001","HG01809.SG"
"1002","HG01810.SG"
"1003","HG01811.SG"
"1004","HG01812.SG"
"1005","HG01813.SG"
"1006","HG01815.SG"
"1007","HG01816.SG"
"1008","HG01817.SG"
"1009","HG01840.SG"
"1010","HG01841.SG"
"1011","HG01842.SG"
"1012","HG01843.SG"
"1013","HG01844.SG"
"1014","HG01845.SG"
"1015","HG01846.SG"
"1016","HG01847.SG"
"1017","HG01848.SG"
"1018","HG01849.SG"
"1019","HG01850.SG"
"1020","HG01851.SG"
"1021","HG01852.SG"
"1022","HG01853.SG"
"1023","HG01855.SG"
"1024","HG01857.SG"
"1025","HG01858.SG"
"1026","HG01859.SG"
"1027","HG01860.SG"
"1028","HG01861.SG"
"1029","HG01862.SG"
"1030","HG01863.SG"
"1031","HG01864.SG"
"1032","HG01865.SG"
"1033","HG01866.SG"
"1034","HG01867.SG"
"1035","HG01868.SG"
"1036","HG01869.SG"
"1037","HG01870.SG"
"1038","HG01871.SG"
"1039","HG01872.SG"
"1040","HG01873.SG"
"1041","HG01874.SG"
"1042","HG01878.SG"
"1043","HG01879.SG"
"1044","HG01880.SG"
"1045","HG01882.SG"
"1046","HG01883.SG"
"1047","HG01885.SG"
"1048","HG01886.SG"
"1049","HG01889.SG"
"1050","HG01890.SG"
"1051","HG01892.SG"
"1052","HG01893.SG"
"1053","HG01894.SG"
"1054","HG01896.SG"
"1055","HG01912.SG"
"1056","HG01914.SG"
"1057","HG01915.SG"
"1058","HG01917.SG"
"1059","HG01918.SG"
"1060","HG01920.SG"
"1061","HG01921.SG"
"1062","HG01923.SG"
"1063","HG01924.SG"
"1064","HG01926.SG"
"1065","HG01927.SG"
"1066","HG01932.SG"
"1067","HG01933.SG"
"1068","HG01935.SG"
"1069","HG01936.SG"
"1070","HG01938.SG"
"1071","HG01939.SG"
"1072","HG01941.SG"
"1073","HG01942.SG"
"1074","HG01944.SG"
"1075","HG01945.SG"
"1076","HG01947.SG"
"1077","HG01948.SG"
"1078","HG01950.SG"
"1079","HG01951.SG"
"1080","HG01953.SG"
"1081","HG01954.SG"
"1082","HG01956.SG"
"1083","HG01958.SG"
"1084","HG01961.SG"
"1085","HG01965.SG"
"1086","HG01967.SG"
"1087","HG01968.SG"
"1088","HG01970.SG"
"1089","HG01971.SG"
"1090","HG01973.SG"
"1091","HG01974.SG"
"1092","HG01976.SG"
"1093","HG01977.SG"
"1094","HG01979.SG"
"1095","HG01980.SG"
"1096","HG01982.SG"
"1097","HG01983.SG"
"1098","HG01985.SG"
"1099","HG01986.SG"
"1100","HG01988.SG"
"1101","HG01989.SG"
"1102","HG01990.SG"
"1103","HG01991.SG"
"1104","HG01992.SG"
"1105","HG01997.SG"
"1106","HG02002.SG"
"1107","HG02003.SG"
"1108","HG02006.SG"
"1109","HG02008.SG"
"1110","HG02009.SG"
"1111","HG02010.SG"
"1112","HG02012.SG"
"1113","HG02013.SG"
"1114","HG02014.SG"
"1115","HG02016.SG"
"1116","HG02017.SG"
"1117","HG02019.SG"
"1118","HG02020.SG"
"1119","HG02023.SG"
"1120","HG02024.SG"
"1121","HG02025.SG"
"1122","HG02026.SG"
"1123","HG02028.SG"
"1124","HG02029.SG"
"1125","HG02031.SG"
"1126","HG02032.SG"
"1127","HG02035.SG"
"1128","HG02040.SG"
"1129","HG02046.SG"
"1130","HG02047.SG"
"1131","HG02048.SG"
"1132","HG02049.SG"
"1133","HG02050.SG"
"1134","HG02051.SG"
"1135","HG02052.SG"
"1136","HG02053.SG"
"1137","HG02054.SG"
"1138","HG02057.SG"
"1139","HG02058.SG"
"1140","HG02060.SG"
"1141","HG02061.SG"
"1142","HG02064.SG"
"1143","HG02067.SG"
"1144","HG02069.SG"
"1145","HG02070.SG"
"1146","HG02072.SG"
"1147","HG02073.SG"
"1148","HG02075.SG"
"1149","HG02076.SG"
"1150","HG02078.SG"
"1151","HG02079.SG"
"1152","HG02081.SG"
"1153","HG02082.SG"
"1154","HG02084.SG"
"1155","HG02085.SG"
"1156","HG02086.SG"
"1157","HG02087.SG"
"1158","HG02088.SG"
"1159","HG02089.SG"
"1160","HG02090.SG"
"1161","HG02095.SG"
"1162","HG02102.SG"
"1163","HG02104.SG"
"1164","HG02105.SG"
"1165","HG02107.SG"
"1166","HG02108.SG"
"1167","HG02111.SG"
"1168","HG02113.SG"
"1169","HG02116.SG"
"1170","HG02121.SG"
"1171","HG02122.SG"
"1172","HG02127.SG"
"1173","HG02128.SG"
"1174","HG02130.SG"
"1175","HG02131.SG"
"1176","HG02133.SG"
"1177","HG02134.SG"
"1178","HG02136.SG"
"1179","HG02137.SG"
"1180","HG02138.SG"
"1181","HG02139.SG"
"1182","HG02140.SG"
"1183","HG02141.SG"
"1184","HG02142.SG"
"1185","HG02143.SG"
"1186","HG02144.SG"
"1187","HG02146.SG"
"1188","HG02147.SG"
"1189","HG02150.SG"
"1190","HG02151.SG"
"1191","HG02152.SG"
"1192","HG02153.SG"
"1193","HG02154.SG"
"1194","HG02155.SG"
"1195","HG02156.SG"
"1196","HG02164.SG"
"1197","HG02165.SG"
"1198","HG02166.SG"
"1199","HG02178.SG"
"1200","HG02179.SG"
"1201","HG02180.SG"
"1202","HG02181.SG"
"1203","HG02182.SG"
"1204","HG02184.SG"
"1205","HG02185.SG"
"1206","HG02186.SG"
"1207","HG02187.SG"
"1208","HG02188.SG"
"1209","HG02190.SG"
"1210","HG02215.SG"
"1211","HG02219.SG"
"1212","HG02220.SG"
"1213","HG02221.SG"
"1214","HG02223.SG"
"1215","HG02224.SG"
"1216","HG02230.SG"
"1217","HG02231.SG"
"1218","HG02232.SG"
"1219","HG02233.SG"
"1220","HG02235.SG"
"1221","HG02236.SG"
"1222","HG02238.SG"
"1223","HG02239.SG"
"1224","HG02250.SG"
"1225","HG02252.SG"
"1226","HG02253.SG"
"1227","HG02255.SG"
"1228","HG02256.SG"
"1229","HG02259.SG"
"1230","HG02260.SG"
"1231","HG02262.SG"
"1232","HG02265.SG"
"1233","HG02266.SG"
"1234","HG02271.SG"
"1235","HG02272.SG"
"1236","HG02274.SG"
"1237","HG02275.SG"
"1238","HG02277.SG"
"1239","HG02278.SG"
"1240","HG02281.SG"
"1241","HG02282.SG"
"1242","HG02283.SG"
"1243","HG02284.SG"
"1244","HG02285.SG"
"1245","HG02286.SG"
"1246","HG02291.SG"
"1247","HG02292.SG"
"1248","HG02298.SG"
"1249","HG02299.SG"
"1250","HG02301.SG"
"1251","HG02304.SG"
"1252","HG02307.SG"
"1253","HG02308.SG"
"1254","HG02309.SG"
"1255","HG02312.SG"
"1256","HG02314.SG"
"1257","HG02315.SG"
"1258","HG02317.SG"
"1259","HG02318.SG"
"1260","HG02322.SG"
"1261","HG02323.SG"
"1262","HG02325.SG"
"1263","HG02330.SG"
"1264","HG02332.SG"
"1265","HG02334.SG"
"1266","HG02337.SG"
"1267","HG02339.SG"
"1268","HG02343.SG"
"1269","HG02345.SG"
"1270","HG02348.SG"
"1271","HG02351.SG"
"1272","HG02353.SG"
"1273","HG02355.SG"
"1274","HG02356.SG"
"1275","HG02360.SG"
"1276","HG02363.SG"
"1277","HG02364.SG"
"1278","HG02367.SG"
"1279","HG02371.SG"
"1280","HG02372.SG"
"1281","HG02373.SG"
"1282","HG02374.SG"
"1283","HG02375.SG"
"1284","HG02377.SG"
"1285","HG02379.SG"
"1286","HG02380.SG"
"1287","HG02381.SG"
"1288","HG02382.SG"
"1289","HG02383.SG"
"1290","HG02384.SG"
"1291","HG02385.SG"
"1292","HG02386.SG"
"1293","HG02387.SG"
"1294","HG02388.SG"
"1295","HG02389.SG"
"1296","HG02390.SG"
"1297","HG02391.SG"
"1298","HG02392.SG"
"1299","HG02394.SG"
"1300","HG02395.SG"
"1301","HG02396.SG"
"1302","HG02397.SG"
"1303","HG02398.SG"
"1304","HG02399.SG"
"1305","HG02401.SG"
"1306","HG02402.SG"
"1307","HG02406.SG"
"1308","HG02407.SG"
"1309","HG02408.SG"
"1310","HG02409.SG"
"1311","HG02410.SG"
"1312","HG02419.SG"
"1313","HG02420.SG"
"1314","HG02425.SG"
"1315","HG02427.SG"
"1316","HG02429.SG"
"1317","HG02433.SG"
"1318","HG02439.SG"
"1319","HG02442.SG"
"1320","HG02445.SG"
"1321","HG02449.SG"
"1322","HG02450.SG"
"1323","HG02455.SG"
"1324","HG02461.SG"
"1325","HG02462.SG"
"1326","HG02464.SG"
"1327","HG02465.SG"
"1328","HG02470.SG"
"1329","HG02471.SG"
"1330","HG02476.SG"
"1331","HG02477.SG"
"1332","HG02479.SG"
"1333","HG02481.SG"
"1334","HG02484.SG"
"1335","HG02485.SG"
"1336","HG02489.SG"
"1337","HG02490.SG"
"1338","HG02491.SG"
"1339","HG02493.SG"
"1340","HG02494.SG"
"1341","HG02496.SG"
"1342","HG02497.SG"
"1343","HG02501.SG"
"1344","HG02502.SG"
"1345","HG02505.SG"
"1346","HG02508.SG"
"1347","HG02511.SG"
"1348","HG02512.SG"
"1349","HG02513.SG"
"1350","HG02521.SG"
"1351","HG02522.SG"
"1352","HG02536.SG"
"1353","HG02537.SG"
"1354","HG02541.SG"
"1355","HG02545.SG"
"1356","HG02546.SG"
"1357","HG02549.SG"
"1358","HG02554.SG"
"1359","HG02555.SG"
"1360","HG02557.SG"
"1361","HG02558.SG"
"1362","HG02561.SG"
"1363","HG02562.SG"
"1364","HG02568.SG"
"1365","HG02570.SG"
"1366","HG02571.SG"
"1367","HG02573.SG"
"1368","HG02574.SG"
"1369","HG02577.SG"
"1370","HG02580.SG"
"1371","HG02582.SG"
"1372","HG02583.SG"
"1373","HG02585.SG"
"1374","HG02586.SG"
"1375","HG02588.SG"
"1376","HG02589.SG"
"1377","HG02594.SG"
"1378","HG02595.SG"
"1379","HG02597.SG"
"1380","HG02600.SG"
"1381","HG02601.SG"
"1382","HG02603.SG"
"1383","HG02604.SG"
"1384","HG02610.SG"
"1385","HG02611.SG"
"1386","HG02613.SG"
"1387","HG02614.SG"
"1388","HG02620.SG"
"1389","HG02621.SG"
"1390","HG02623.SG"
"1391","HG02624.SG"
"1392","HG02628.SG"
"1393","HG02629.SG"
"1394","HG02634.SG"
"1395","HG02635.SG"
"1396","HG02642.SG"
"1397","HG02643.SG"
"1398","HG02645.SG"
"1399","HG02646.SG"
"1400","HG02648.SG"
"1401","HG02649.SG"
"1402","HG02651.SG"
"1403","HG02652.SG"
"1404","HG02654.SG"
"1405","HG02655.SG"
"1406","HG02657.SG"
"1407","HG02658.SG"
"1408","HG02660.SG"
"1409","HG02661.SG"
"1410","HG02666.SG"
"1411","HG02667.SG"
"1412","HG02675.SG"
"1413","HG02676.SG"
"1414","HG02678.SG"
"1415","HG02679.SG"
"1416","HG02681.SG"
"1417","HG02682.SG"
"1418","HG02684.SG"
"1419","HG02685.SG"
"1420","HG02687.SG"
"1421","HG02688.SG"
"1422","HG02690.SG"
"1423","HG02691.SG"
"1424","HG02694.SG"
"1425","HG02696.SG"
"1426","HG02697.SG"
"1427","HG02699.SG"
"1428","HG02700.SG"
"1429","HG02702.SG"
"1430","HG02703.SG"
"1431","HG02715.SG"
"1432","HG02716.SG"
"1433","HG02721.SG"
"1434","HG02722.SG"
"1435","HG02724.SG"
"1436","HG02725.SG"
"1437","HG02727.SG"
"1438","HG02728.SG"
"1439","HG02731.SG"
"1440","HG02733.SG"
"1441","HG02734.SG"
"1442","HG02736.SG"
"1443","HG02737.SG"
"1444","HG02756.SG"
"1445","HG02757.SG"
"1446","HG02759.SG"
"1447","HG02760.SG"
"1448","HG02763.SG"
"1449","HG02768.SG"
"1450","HG02769.SG"
"1451","HG02771.SG"
"1452","HG02772.SG"
"1453","HG02774.SG"
"1454","HG02775.SG"
"1455","HG02778.SG"
"1456","HG02780.SG"
"1457","HG02783.SG"
"1458","HG02784.SG"
"1459","HG02786.SG"
"1460","HG02787.SG"
"1461","HG02789.SG"
"1462","HG02790.SG"
"1463","HG02792.SG"
"1464","HG02793.SG"
"1465","HG02798.SG"
"1466","HG02799.SG"
"1467","HG02804.SG"
"1468","HG02805.SG"
"1469","HG02807.SG"
"1470","HG02808.SG"
"1471","HG02810.SG"
"1472","HG02811.SG"
"1473","HG02813.SG"
"1474","HG02814.SG"
"1475","HG02816.SG"
"1476","HG02817.SG"
"1477","HG02819.SG"
"1478","HG02820.SG"
"1479","HG02836.SG"
"1480","HG02837.SG"
"1481","HG02839.SG"
"1482","HG02840.SG"
"1483","HG02851.SG"
"1484","HG02852.SG"
"1485","HG02854.SG"
"1486","HG02855.SG"
"1487","HG02860.SG"
"1488","HG02861.SG"
"1489","HG02870.SG"
"1490","HG02878.SG"
"1491","HG02879.SG"
"1492","HG02881.SG"
"1493","HG02882.SG"
"1494","HG02884.SG"
"1495","HG02885.SG"
"1496","HG02887.SG"
"1497","HG02888.SG"
"1498","HG02890.SG"
"1499","HG02891.SG"
"1500","HG02895.SG"
"1501","HG02896.SG"
"1502","HG02922.SG"
"1503","HG02923.SG"
"1504","HG02938.SG"
"1505","HG02941.SG"
"1506","HG02943.SG"
"1507","HG02944.SG"
"1508","HG02946.SG"
"1509","HG02947.SG"
"1510","HG02952.SG"
"1511","HG02953.SG"
"1512","HG02968.SG"
"1513","HG02970.SG"
"1514","HG02971.SG"
"1515","HG02973.SG"
"1516","HG02974.SG"
"1517","HG02976.SG"
"1518","HG02977.SG"
"1519","HG02979.SG"
"1520","HG02981.SG"
"1521","HG02982.SG"
"1522","HG02983.SG"
"1523","HG03006.SG"
"1524","HG03007.SG"
"1525","HG03009.SG"
"1526","HG03012.SG"
"1527","HG03015.SG"
"1528","HG03016.SG"
"1529","HG03018.SG"
"1530","HG03019.SG"
"1531","HG03021.SG"
"1532","HG03022.SG"
"1533","HG03024.SG"
"1534","HG03025.SG"
"1535","HG03027.SG"
"1536","HG03028.SG"
"1537","HG03039.SG"
"1538","HG03040.SG"
"1539","HG03045.SG"
"1540","HG03046.SG"
"1541","HG03048.SG"
"1542","HG03049.SG"
"1543","HG03052.SG"
"1544","HG03054.SG"
"1545","HG03055.SG"
"1546","HG03057.SG"
"1547","HG03058.SG"
"1548","HG03060.SG"
"1549","HG03061.SG"
"1550","HG03063.SG"
"1551","HG03064.SG"
"1552","HG03066.SG"
"1553","HG03069.SG"
"1554","HG03072.SG"
"1555","HG03073.SG"
"1556","HG03074.SG"
"1557","HG03077.SG"
"1558","HG03078.SG"
"1559","HG03079.SG"
"1560","HG03081.SG"
"1561","HG03082.SG"
"1562","HG03084.SG"
"1563","HG03085.SG"
"1564","HG03086.SG"
"1565","HG03088.SG"
"1566","HG03091.SG"
"1567","HG03095.SG"
"1568","HG03096.SG"
"1569","HG03097.SG"
"1570","HG03099.SG"
"1571","HG03100.SG"
"1572","HG03103.SG"
"1573","HG03105.SG"
"1574","HG03108.SG"
"1575","HG03109.SG"
"1576","HG03111.SG"
"1577","HG03112.SG"
"1578","HG03114.SG"
"1579","HG03115.SG"
"1580","HG03117.SG"
"1581","HG03118.SG"
"1582","HG03120.SG"
"1583","HG03121.SG"
"1584","HG03123.SG"
"1585","HG03124.SG"
"1586","HG03126.SG"
"1587","HG03127.SG"
"1588","HG03129.SG"
"1589","HG03130.SG"
"1590","HG03132.SG"
"1591","HG03133.SG"
"1592","HG03135.SG"
"1593","HG03136.SG"
"1594","HG03139.SG"
"1595","HG03157.SG"
"1596","HG03159.SG"
"1597","HG03160.SG"
"1598","HG03162.SG"
"1599","HG03163.SG"
"1600","HG03166.SG"
"1601","HG03168.SG"
"1602","HG03169.SG"
"1603","HG03172.SG"
"1604","HG03175.SG"
"1605","HG03189.SG"
"1606","HG03190.SG"
"1607","HG03193.SG"
"1608","HG03195.SG"
"1609","HG03196.SG"
"1610","HG03198.SG"
"1611","HG03199.SG"
"1612","HG03202.SG"
"1613","HG03209.SG"
"1614","HG03212.SG"
"1615","HG03224.SG"
"1616","HG03225.SG"
"1617","HG03228.SG"
"1618","HG03229.SG"
"1619","HG03234.SG"
"1620","HG03235.SG"
"1621","HG03237.SG"
"1622","HG03238.SG"
"1623","HG03240.SG"
"1624","HG03241.SG"
"1625","HG03246.SG"
"1626","HG03247.SG"
"1627","HG03258.SG"
"1628","HG03259.SG"
"1629","HG03265.SG"
"1630","HG03267.SG"
"1631","HG03268.SG"
"1632","HG03270.SG"
"1633","HG03271.SG"
"1634","HG03279.SG"
"1635","HG03280.SG"
"1636","HG03291.SG"
"1637","HG03294.SG"
"1638","HG03295.SG"
"1639","HG03297.SG"
"1640","HG03298.SG"
"1641","HG03300.SG"
"1642","HG03301.SG"
"1643","HG03303.SG"
"1644","HG03304.SG"
"1645","HG03311.SG"
"1646","HG03313.SG"
"1647","HG03342.SG"
"1648","HG03343.SG"
"1649","HG03351.SG"
"1650","HG03352.SG"
"1651","HG03354.SG"
"1652","HG03363.SG"
"1653","HG03366.SG"
"1654","HG03367.SG"
"1655","HG03369.SG"
"1656","HG03370.SG"
"1657","HG03372.SG"
"1658","HG03376.SG"
"1659","HG03378.SG"
"1660","HG03380.SG"
"1661","HG03382.SG"
"1662","HG03385.SG"
"1663","HG03388.SG"
"1664","HG03391.SG"
"1665","HG03394.SG"
"1666","HG03397.SG"
"1667","HG03401.SG"
"1668","HG03410.SG"
"1669","HG03419.SG"
"1670","HG03428.SG"
"1671","HG03432.SG"
"1672","HG03433.SG"
"1673","HG03436.SG"
"1674","HG03437.SG"
"1675","HG03439.SG"
"1676","HG03442.SG"
"1677","HG03445.SG"
"1678","HG03446.SG"
"1679","HG03449.SG"
"1680","HG03451.SG"
"1681","HG03452.SG"
"1682","HG03455.SG"
"1683","HG03457.SG"
"1684","HG03458.SG"
"1685","HG03460.SG"
"1686","HG03461.SG"
"1687","HG03464.SG"
"1688","HG03469.SG"
"1689","HG03470.SG"
"1690","HG03472.SG"
"1691","HG03473.SG"
"1692","HG03476.SG"
"1693","HG03478.SG"
"1694","HG03479.SG"
"1695","HG03484.SG"
"1696","HG03485.SG"
"1697","HG03488.SG"
"1698","HG03490.SG"
"1699","HG03491.SG"
"1700","HG03499.SG"
"1701","HG03511.SG"
"1702","HG03514.SG"
"1703","HG03515.SG"
"1704","HG03517.SG"
"1705","HG03518.SG"
"1706","HG03520.SG"
"1707","HG03521.SG"
"1708","HG03538.SG"
"1709","HG03539.SG"
"1710","HG03547.SG"
"1711","HG03548.SG"
"1712","HG03556.SG"
"1713","HG03557.SG"
"1714","HG03558.SG"
"1715","HG03559.SG"
"1716","HG03563.SG"
"1717","HG03565.SG"
"1718","HG03567.SG"
"1719","HG03571.SG"
"1720","HG03572.SG"
"1721","HG03575.SG"
"1722","HG03577.SG"
"1723","HG03578.SG"
"1724","HG03583.SG"
"1725","HG03585.SG"
"1726","HG03589.SG"
"1727","HG03593.SG"
"1728","HG03594.SG"
"1729","HG03595.SG"
"1730","HG03598.SG"
"1731","HG03600.SG"
"1732","HG03603.SG"
"1733","HG03604.SG"
"1734","HG03607.SG"
"1735","HG03611.SG"
"1736","HG03615.SG"
"1737","HG03616.SG"
"1738","HG03619.SG"
"1739","HG03624.SG"
"1740","HG03625.SG"
"1741","HG03629.SG"
"1742","HG03631.SG"
"1743","HG03634.SG"
"1744","HG03636.SG"
"1745","HG03640.SG"
"1746","HG03642.SG"
"1747","HG03643.SG"
"1748","HG03644.SG"
"1749","HG03645.SG"
"1750","HG03646.SG"
"1751","HG03649.SG"
"1752","HG03652.SG"
"1753","HG03653.SG"
"1754","HG03660.SG"
"1755","HG03663.SG"
"1756","HG03667.SG"
"1757","HG03668.SG"
"1758","HG03672.SG"
"1759","HG03673.SG"
"1760","HG03679.SG"
"1761","HG03680.SG"
"1762","HG03681.SG"
"1763","HG03684.SG"
"1764","HG03685.SG"
"1765","HG03686.SG"
"1766","HG03687.SG"
"1767","HG03689.SG"
"1768","HG03690.SG"
"1769","HG03691.SG"
"1770","HG03692.SG"
"1771","HG03693.SG"
"1772","HG03694.SG"
"1773","HG03695.SG"
"1774","HG03696.SG"
"1775","HG03697.SG"
"1776","HG03698.SG"
"1777","HG03702.SG"
"1778","HG03703.SG"
"1779","HG03705.SG"
"1780","HG03706.SG"
"1781","HG03708.SG"
"1782","HG03709.SG"
"1783","HG03711.SG"
"1784","HG03713.SG"
"1785","HG03714.SG"
"1786","HG03715.SG"
"1787","HG03716.SG"
"1788","HG03717.SG"
"1789","HG03718.SG"
"1790","HG03720.SG"
"1791","HG03722.SG"
"1792","HG03727.SG"
"1793","HG03729.SG"
"1794","HG03730.SG"
"1795","HG03731.SG"
"1796","HG03733.SG"
"1797","HG03736.SG"
"1798","HG03738.SG"
"1799","HG03740.SG"
"1800","HG03741.SG"
"1801","HG03742.SG"
"1802","HG03743.SG"
"1803","HG03744.SG"
"1804","HG03745.SG"
"1805","HG03746.SG"
"1806","HG03750.SG"
"1807","HG03752.SG"
"1808","HG03753.SG"
"1809","HG03754.SG"
"1810","HG03755.SG"
"1811","HG03756.SG"
"1812","HG03757.SG"
"1813","HG03760.SG"
"1814","HG03762.SG"
"1815","HG03765.SG"
"1816","HG03767.SG"
"1817","HG03770.SG"
"1818","HG03771.SG"
"1819","HG03772.SG"
"1820","HG03773.SG"
"1821","HG03774.SG"
"1822","HG03775.SG"
"1823","HG03777.SG"
"1824","HG03778.SG"
"1825","HG03779.SG"
"1826","HG03780.SG"
"1827","HG03781.SG"
"1828","HG03782.SG"
"1829","HG03784.SG"
"1830","HG03785.SG"
"1831","HG03786.SG"
"1832","HG03787.SG"
"1833","HG03788.SG"
"1834","HG03789.SG"
"1835","HG03790.SG"
"1836","HG03792.SG"
"1837","HG03793.SG"
"1838","HG03796.SG"
"1839","HG03800.SG"
"1840","HG03802.SG"
"1841","HG03803.SG"
"1842","HG03805.SG"
"1843","HG03808.SG"
"1844","HG03809.SG"
"1845","HG03812.SG"
"1846","HG03814.SG"
"1847","HG03815.SG"
"1848","HG03817.SG"
"1849","HG03821.SG"
"1850","HG03823.SG"
"1851","HG03824.SG"
"1852","HG03826.SG"
"1853","HG03829.SG"
"1854","HG03830.SG"
"1855","HG03832.SG"
"1856","HG03833.SG"
"1857","HG03836.SG"
"1858","HG03837.SG"
"1859","HG03838.SG"
"1860","HG03844.SG"
"1861","HG03846.SG"
"1862","HG03848.SG"
"1863","HG03849.SG"
"1864","HG03850.SG"
"1865","HG03851.SG"
"1866","HG03854.SG"
"1867","HG03856.SG"
"1868","HG03857.SG"
"1869","HG03858.SG"
"1870","HG03861.SG"
"1871","HG03862.SG"
"1872","HG03863.SG"
"1873","HG03864.SG"
"1874","HG03866.SG"
"1875","HG03867.SG"
"1876","HG03868.SG"
"1877","HG03869.SG"
"1878","HG03870.SG"
"1879","HG03871.SG"
"1880","HG03872.SG"
"1881","HG03873.SG"
"1882","HG03874.SG"
"1883","HG03875.SG"
"1884","HG03882.SG"
"1885","HG03884.SG"
"1886","HG03885.SG"
"1887","HG03886.SG"
"1888","HG03887.SG"
"1889","HG03888.SG"
"1890","HG03890.SG"
"1891","HG03894.SG"
"1892","HG03895.SG"
"1893","HG03896.SG"
"1894","HG03897.SG"
"1895","HG03898.SG"
"1896","HG03899.SG"
"1897","HG03900.SG"
"1898","HG03902.SG"
"1899","HG03905.SG"
"1900","HG03907.SG"
"1901","HG03908.SG"
"1902","HG03910.SG"
"1903","HG03911.SG"
"1904","HG03913.SG"
"1905","HG03914.SG"
"1906","HG03916.SG"
"1907","HG03917.SG"
"1908","HG03919.SG"
"1909","HG03920.SG"
"1910","HG03922.SG"
"1911","HG03925.SG"
"1912","HG03926.SG"
"1913","HG03928.SG"
"1914","HG03931.SG"
"1915","HG03934.SG"
"1916","HG03937.SG"
"1917","HG03940.SG"
"1918","HG03941.SG"
"1919","HG03943.SG"
"1920","HG03944.SG"
"1921","HG03945.SG"
"1922","HG03947.SG"
"1923","HG03948.SG"
"1924","HG03949.SG"
"1925","HG03950.SG"
"1926","HG03951.SG"
"1927","HG03953.SG"
"1928","HG03955.SG"
"1929","HG03960.SG"
"1930","HG03963.SG"
"1931","HG03965.SG"
"1932","HG03967.SG"
"1933","HG03968.SG"
"1934","HG03969.SG"
"1935","HG03971.SG"
"1936","HG03973.SG"
"1937","HG03974.SG"
"1938","HG03976.SG"
"1939","HG03977.SG"
"1940","HG03978.SG"
"1941","HG03985.SG"
"1942","HG03986.SG"
"1943","HG03989.SG"
"1944","HG03990.SG"
"1945","HG03991.SG"
"1946","HG03995.SG"
"1947","HG03998.SG"
"1948","HG03999.SG"
"1949","HG04001.SG"
"1950","HG04002.SG"
"1951","HG04003.SG"
"1952","HG04006.SG"
"1953","HG04014.SG"
"1954","HG04015.SG"
"1955","HG04017.SG"
"1956","HG04018.SG"
"1957","HG04019.SG"
"1958","HG04020.SG"
"1959","HG04022.SG"
"1960","HG04023.SG"
"1961","HG04025.SG"
"1962","HG04026.SG"
"1963","HG04029.SG"
"1964","HG04033.SG"
"1965","HG04035.SG"
"1966","HG04038.SG"
"1967","HG04039.SG"
"1968","HG04042.SG"
"1969","HG04047.SG"
"1970","HG04054.SG"
"1971","HG04056.SG"
"1972","HG04059.SG"
"1973","HG04060.SG"
"1974","HG04061.SG"
"1975","HG04062.SG"
"1976","HG04063.SG"
"1977","HG04070.SG"
"1978","HG04075.SG"
"1979","HG04076.SG"
"1980","HG04080.SG"
"1981","HG04090.SG"
"1982","HG04093.SG"
"1983","HG04094.SG"
"1984","HG04096.SG"
"1985","HG04098.SG"
"1986","HG04099.SG"
"1987","HG04100.SG"
"1988","HG04106.SG"
"1989","HG04107.SG"
"1990","HG04118.SG"
"1991","HG04131.SG"
"1992","HG04134.SG"
"1993","HG04140.SG"
"1994","HG04141.SG"
"1995","HG04144.SG"
"1996","HG04146.SG"
"1997","HG04152.SG"
"1998","HG04153.SG"
"1999","HG04155.SG"
"2000","HG04156.SG"
"2001","HG04158.SG"
"2002","HG04159.SG"
"2003","HG04161.SG"
"2004","HG04162.SG"
"2005","HG04164.SG"
"2006","HG04171.SG"
"2007","HG04173.SG"
"2008","HG04176.SG"
"2009","HG04177.SG"
"2010","HG04180.SG"
"2011","HG04182.SG"
"2012","HG04183.SG"
"2013","HG04185.SG"
"2014","HG04186.SG"
"2015","HG04188.SG"
"2016","HG04189.SG"
"2017","HG04194.SG"
"2018","HG04195.SG"
"2019","HG04198.SG"
"2020","HG04200.SG"
"2021","HG04202.SG"
"2022","HG04206.SG"
"2023","HG04209.SG"
"2024","HG04210.SG"
"2025","HG04211.SG"
"2026","HG04212.SG"
"2027","HG04214.SG"
"2028","HG04216.SG"
"2029","HG04219.SG"
"2030","HG04222.SG"
"2031","HG04225.SG"
"2032","HG04227.SG"
"2033","HG04229.SG"
"2034","HG04235.SG"
"2035","HG04238.SG"
"2036","HG04239.SG"
"2037","NA06984.SG"
"2038","NA06985.SG"
"2039","NA06986.SG"
"2040","NA06989.SG"
"2041","NA06994.SG"
"2042","NA07000.SG"
"2043","NA07037.SG"
"2044","NA07048.SG"
"2045","NA07051.SG"
"2046","NA07056.SG"
"2047","NA07347.SG"
"2048","NA07357.SG"
"2049","NA10847.SG"
"2050","NA10851.SG"
"2051","NA11829.SG"
"2052","NA11830.SG"
"2053","NA11831.SG"
"2054","NA11832.SG"
"2055","NA11840.SG"
"2056","NA11843.SG"
"2057","NA11881.SG"
"2058","NA11892.SG"
"2059","NA11893.SG"
"2060","NA11894.SG"
"2061","NA11918.SG"
"2062","NA11919.SG"
"2063","NA11920.SG"
"2064","NA11930.SG"
"2065","NA11931.SG"
"2066","NA11932.SG"
"2067","NA11933.SG"
"2068","NA11992.SG"
"2069","NA11994.SG"
"2070","NA11995.SG"
"2071","NA12003.SG"
"2072","NA12004.SG"
"2073","NA12005.SG"
"2074","NA12006.SG"
"2075","NA12043.SG"
"2076","NA12044.SG"
"2077","NA12045.SG"
"2078","NA12046.SG"
"2079","NA12058.SG"
"2080","NA12144.SG"
"2081","NA12154.SG"
"2082","NA12155.SG"
"2083","NA12156.SG"
"2084","NA12234.SG"
"2085","NA12249.SG"
"2086","NA12272.SG"
"2087","NA12273.SG"
"2088","NA12275.SG"
"2089","NA12282.SG"
"2090","NA12283.SG"
"2091","NA12286.SG"
"2092","NA12287.SG"
"2093","NA12340.SG"
"2094","NA12341.SG"
"2095","NA12342.SG"
"2096","NA12347.SG"
"2097","NA12348.SG"
"2098","NA12383.SG"
"2099","NA12399.SG"
"2100","NA12400.SG"
"2101","NA12413.SG"
"2102","NA12414.SG"
"2103","NA12489.SG"
"2104","NA12546.SG"
"2105","NA12716.SG"
"2106","NA12717.SG"
"2107","NA12718.SG"
"2108","NA12748.SG"
"2109","NA12749.SG"
"2110","NA12750.SG"
"2111","NA12751.SG"
"2112","NA12760.SG"
"2113","NA12761.SG"
"2114","NA12762.SG"
"2115","NA12763.SG"
"2116","NA12775.SG"
"2117","NA12776.SG"
"2118","NA12777.SG"
"2119","NA12778.SG"
"2120","NA12812.SG"
"2121","NA12813.SG"
"2122","NA12814.SG"
"2123","NA12815.SG"
"2124","NA12827.SG"
"2125","NA12828.SG"
"2126","NA12829.SG"
"2127","NA12830.SG"
"2128","NA12842.SG"
"2129","NA12843.SG"
"2130","NA12872.SG"
"2131","NA12873.SG"
"2132","NA12874.SG"
"2133","NA12878.SG"
"2134","NA12889.SG"
"2135","NA12890.SG"
"2136","NA18486.SG"
"2137","NA18488.SG"
"2138","NA18489.SG"
"2139","NA18498.SG"
"2140","NA18499.SG"
"2141","NA18501.SG"
"2142","NA18502.SG"
"2143","NA18504.SG"
"2144","NA18505.SG"
"2145","NA18507.SG"
"2146","NA18508.SG"
"2147","NA18510.SG"
"2148","NA18511.SG"
"2149","NA18516.SG"
"2150","NA18517.SG"
"2151","NA18519.SG"
"2152","NA18520.SG"
"2153","NA18522.SG"
"2154","NA18523.SG"
"2155","NA18525.SG"
"2156","NA18526.SG"
"2157","NA18528.SG"
"2158","NA18530.SG"
"2159","NA18531.SG"
"2160","NA18532.SG"
"2161","NA18533.SG"
"2162","NA18534.SG"
"2163","NA18535.SG"
"2164","NA18536.SG"
"2165","NA18537.SG"
"2166","NA18538.SG"
"2167","NA18539.SG"
"2168","NA18541.SG"
"2169","NA18542.SG"
"2170","NA18543.SG"
"2171","NA18544.SG"
"2172","NA18545.SG"
"2173","NA18546.SG"
"2174","NA18547.SG"
"2175","NA18548.SG"
"2176","NA18549.SG"
"2177","NA18550.SG"
"2178","NA18552.SG"
"2179","NA18553.SG"
"2180","NA18555.SG"
"2181","NA18557.SG"
"2182","NA18558.SG"
"2183","NA18559.SG"
"2184","NA18560.SG"
"2185","NA18561.SG"
"2186","NA18562.SG"
"2187","NA18563.SG"
"2188","NA18564.SG"
"2189","NA18565.SG"
"2190","NA18566.SG"
"2191","NA18567.SG"
"2192","NA18570.SG"
"2193","NA18571.SG"
"2194","NA18572.SG"
"2195","NA18573.SG"
"2196","NA18574.SG"
"2197","NA18577.SG"
"2198","NA18579.SG"
"2199","NA18582.SG"
"2200","NA18591.SG"
"2201","NA18592.SG"
"2202","NA18593.SG"
"2203","NA18595.SG"
"2204","NA18596.SG"
"2205","NA18597.SG"
"2206","NA18599.SG"
"2207","NA18602.SG"
"2208","NA18603.SG"
"2209","NA18605.SG"
"2210","NA18606.SG"
"2211","NA18608.SG"
"2212","NA18609.SG"
"2213","NA18610.SG"
"2214","NA18611.SG"
"2215","NA18612.SG"
"2216","NA18613.SG"
"2217","NA18614.SG"
"2218","NA18615.SG"
"2219","NA18616.SG"
"2220","NA18617.SG"
"2221","NA18618.SG"
"2222","NA18619.SG"
"2223","NA18620.SG"
"2224","NA18621.SG"
"2225","NA18622.SG"
"2226","NA18623.SG"
"2227","NA18624.SG"
"2228","NA18625.SG"
"2229","NA18626.SG"
"2230","NA18627.SG"
"2231","NA18628.SG"
"2232","NA18629.SG"
"2233","NA18630.SG"
"2234","NA18631.SG"
"2235","NA18632.SG"
"2236","NA18633.SG"
"2237","NA18634.SG"
"2238","NA18635.SG"
"2239","NA18636.SG"
"2240","NA18637.SG"
"2241","NA18638.SG"
"2242","NA18639.SG"
"2243","NA18640.SG"
"2244","NA18641.SG"
"2245","NA18642.SG"
"2246","NA18643.SG"
"2247","NA18644.SG"
"2248","NA18645.SG"
"2249","NA18646.SG"
"2250","NA18647.SG"
"2251","NA18648.SG"
"2252","NA18740.SG"
"2253","NA18745.SG"
"2254","NA18747.SG"
"2255","NA18748.SG"
"2256","NA18749.SG"
"2257","NA18757.SG"
"2258","NA18853.SG"
"2259","NA18856.SG"
"2260","NA18858.SG"
"2261","NA18861.SG"
"2262","NA18864.SG"
"2263","NA18865.SG"
"2264","NA18867.SG"
"2265","NA18868.SG"
"2266","NA18870.SG"
"2267","NA18871.SG"
"2268","NA18873.SG"
"2269","NA18874.SG"
"2270","NA18876.SG"
"2271","NA18877.SG"
"2272","NA18878.SG"
"2273","NA18879.SG"
"2274","NA18881.SG"
"2275","NA18907.SG"
"2276","NA18908.SG"
"2277","NA18909.SG"
"2278","NA18910.SG"
"2279","NA18912.SG"
"2280","NA18915.SG"
"2281","NA18916.SG"
"2282","NA18917.SG"
"2283","NA18923.SG"
"2284","NA18924.SG"
"2285","NA18933.SG"
"2286","NA18934.SG"
"2287","NA18939.SG"
"2288","NA18940.SG"
"2289","NA18941.SG"
"2290","NA18942.SG"
"2291","NA18943.SG"
"2292","NA18944.SG"
"2293","NA18945.SG"
"2294","NA18946.SG"
"2295","NA18947.SG"
"2296","NA18948.SG"
"2297","NA18949.SG"
"2298","NA18950.SG"
"2299","NA18951.SG"
"2300","NA18952.SG"
"2301","NA18953.SG"
"2302","NA18954.SG"
"2303","NA18956.SG"
"2304","NA18957.SG"
"2305","NA18959.SG"
"2306","NA18960.SG"
"2307","NA18961.SG"
"2308","NA18962.SG"
"2309","NA18963.SG"
"2310","NA18964.SG"
"2311","NA18965.SG"
"2312","NA18966.SG"
"2313","NA18967.SG"
"2314","NA18968.SG"
"2315","NA18969.SG"
"2316","NA18970.SG"
"2317","NA18971.SG"
"2318","NA18972.SG"
"2319","NA18973.SG"
"2320","NA18974.SG"
"2321","NA18975.SG"
"2322","NA18976.SG"
"2323","NA18977.SG"
"2324","NA18978.SG"
"2325","NA18979.SG"
"2326","NA18980.SG"
"2327","NA18981.SG"
"2328","NA18982.SG"
"2329","NA18983.SG"
"2330","NA18984.SG"
"2331","NA18985.SG"
"2332","NA18986.SG"
"2333","NA18987.SG"
"2334","NA18988.SG"
"2335","NA18989.SG"
"2336","NA18990.SG"
"2337","NA18991.SG"
"2338","NA18992.SG"
"2339","NA18993.SG"
"2340","NA18994.SG"
"2341","NA18995.SG"
"2342","NA18997.SG"
"2343","NA18998.SG"
"2344","NA18999.SG"
"2345","NA19000.SG"
"2346","NA19001.SG"
"2347","NA19002.SG"
"2348","NA19003.SG"
"2349","NA19004.SG"
"2350","NA19005.SG"
"2351","NA19006.SG"
"2352","NA19007.SG"
"2353","NA19009.SG"
"2354","NA19010.SG"
"2355","NA19011.SG"
"2356","NA19012.SG"
"2357","NA19017.SG"
"2358","NA19019.SG"
"2359","NA19020.SG"
"2360","NA19023.SG"
"2361","NA19024.SG"
"2362","NA19025.SG"
"2363","NA19026.SG"
"2364","NA19027.SG"
"2365","NA19028.SG"
"2366","NA19030.SG"
"2367","NA19031.SG"
"2368","NA19035.SG"
"2369","NA19036.SG"
"2370","NA19037.SG"
"2371","NA19038.SG"
"2372","NA19041.SG"
"2373","NA19042.SG"
"2374","NA19043.SG"
"2375","NA19054.SG"
"2376","NA19055.SG"
"2377","NA19056.SG"
"2378","NA19057.SG"
"2379","NA19058.SG"
"2380","NA19059.SG"
"2381","NA19060.SG"
"2382","NA19062.SG"
"2383","NA19063.SG"
"2384","NA19064.SG"
"2385","NA19065.SG"
"2386","NA19066.SG"
"2387","NA19067.SG"
"2388","NA19068.SG"
"2389","NA19070.SG"
"2390","NA19072.SG"
"2391","NA19074.SG"
"2392","NA19075.SG"
"2393","NA19076.SG"
"2394","NA19077.SG"
"2395","NA19078.SG"
"2396","NA19079.SG"
"2397","NA19080.SG"
"2398","NA19081.SG"
"2399","NA19082.SG"
"2400","NA19083.SG"
"2401","NA19084.SG"
"2402","NA19085.SG"
"2403","NA19086.SG"
"2404","NA19087.SG"
"2405","NA19088.SG"
"2406","NA19089.SG"
"2407","NA19090.SG"
"2408","NA19091.SG"
"2409","NA19092.SG"
"2410","NA19093.SG"
"2411","NA19095.SG"
"2412","NA19096.SG"
"2413","NA19098.SG"
"2414","NA19099.SG"
"2415","NA19102.SG"
"2416","NA19107.SG"
"2417","NA19108.SG"
"2418","NA19113.SG"
"2419","NA19114.SG"
"2420","NA19116.SG"
"2421","NA19117.SG"
"2422","NA19118.SG"
"2423","NA19119.SG"
"2424","NA19121.SG"
"2425","NA19129.SG"
"2426","NA19130.SG"
"2427","NA19131.SG"
"2428","NA19137.SG"
"2429","NA19138.SG"
"2430","NA19141.SG"
"2431","NA19143.SG"
"2432","NA19144.SG"
"2433","NA19146.SG"
"2434","NA19147.SG"
"2435","NA19149.SG"
"2436","NA19152.SG"
"2437","NA19153.SG"
"2438","NA19159.SG"
"2439","NA19160.SG"
"2440","NA19171.SG"
"2441","NA19172.SG"
"2442","NA19175.SG"
"2443","NA19184.SG"
"2444","NA19185.SG"
"2445","NA19189.SG"
"2446","NA19190.SG"
"2447","NA19197.SG"
"2448","NA19198.SG"
"2449","NA19200.SG"
"2450","NA19201.SG"
"2451","NA19204.SG"
"2452","NA19206.SG"
"2453","NA19207.SG"
"2454","NA19209.SG"
"2455","NA19210.SG"
"2456","NA19213.SG"
"2457","NA19214.SG"
"2458","NA19222.SG"
"2459","NA19223.SG"
"2460","NA19225.SG"
"2461","NA19235.SG"
"2462","NA19236.SG"
"2463","NA19238.SG"
"2464","NA19239.SG"
"2465","NA19240.SG"
"2466","NA19247.SG"
"2467","NA19248.SG"
"2468","NA19256.SG"
"2469","NA19257.SG"
"2470","NA19307.SG"
"2471","NA19308.SG"
"2472","NA19309.SG"
"2473","NA19310.SG"
"2474","NA19311.SG"
"2475","NA19312.SG"
"2476","NA19313.SG"
"2477","NA19314.SG"
"2478","NA19315.SG"
"2479","NA19316.SG"
"2480","NA19317.SG"
"2481","NA19318.SG"
"2482","NA19319.SG"
"2483","NA19320.SG"
"2484","NA19321.SG"
"2485","NA19323.SG"
"2486","NA19324.SG"
"2487","NA19327.SG"
"2488","NA19328.SG"
"2489","NA19331.SG"
"2490","NA19332.SG"
"2491","NA19334.SG"
"2492","NA19338.SG"
"2493","NA19346.SG"
"2494","NA19347.SG"
"2495","NA19350.SG"
"2496","NA19351.SG"
"2497","NA19355.SG"
"2498","NA19360.SG"
"2499","NA19372.SG"
"2500","NA19374.SG"
"2501","NA19375.SG"
"2502","NA19376.SG"
"2503","NA19377.SG"
"2504","NA19378.SG"
"2505","NA19379.SG"
"2506","NA19380.SG"
"2507","NA19383.SG"
"2508","NA19384.SG"
"2509","NA19385.SG"
"2510","NA19390.SG"
"2511","NA19391.SG"
"2512","NA19393.SG"
"2513","NA19394.SG"
"2514","NA19395.SG"
"2515","NA19397.SG"
"2516","NA19399.SG"
"2517","NA19401.SG"
"2518","NA19403.SG"
"2519","NA19404.SG"
"2520","NA19428.SG"
"2521","NA19429.SG"
"2522","NA19430.SG"
"2523","NA19431.SG"
"2524","NA19434.SG"
"2525","NA19435.SG"
"2526","NA19436.SG"
"2527","NA19437.SG"
"2528","NA19438.SG"
"2529","NA19439.SG"
"2530","NA19440.SG"
"2531","NA19443.SG"
"2532","NA19445.SG"
"2533","NA19446.SG"
"2534","NA19448.SG"
"2535","NA19449.SG"
"2536","NA19451.SG"
"2537","NA19452.SG"
"2538","NA19454.SG"
"2539","NA19455.SG"
"2540","NA19456.SG"
"2541","NA19457.SG"
"2542","NA19461.SG"
"2543","NA19462.SG"
"2544","NA19463.SG"
"2545","NA19466.SG"
"2546","NA19467.SG"
"2547","NA19468.SG"
"2548","NA19471.SG"
"2549","NA19472.SG"
"2550","NA19473.SG"
"2551","NA19474.SG"
"2552","NA19475.SG"
"2553","NA19625.SG"
"2554","NA19648.SG"
"2555","NA19649.SG"
"2556","NA19651.SG"
"2557","NA19652.SG"
"2558","NA19654.SG"
"2559","NA19655.SG"
"2560","NA19657.SG"
"2561","NA19658.SG"
"2562","NA19660.SG"
"2563","NA19661.SG"
"2564","NA19663.SG"
"2565","NA19664.SG"
"2566","NA19669.SG"
"2567","NA19670.SG"
"2568","NA19675.SG"
"2569","NA19676.SG"
"2570","NA19678.SG"
"2571","NA19679.SG"
"2572","NA19681.SG"
"2573","NA19682.SG"
"2574","NA19684.SG"
"2575","NA19685.SG"
"2576","NA19700.SG"
"2577","NA19701.SG"
"2578","NA19703.SG"
"2579","NA19704.SG"
"2580","NA19707.SG"
"2581","NA19711.SG"
"2582","NA19712.SG"
"2583","NA19713.SG"
"2584","NA19716.SG"
"2585","NA19717.SG"
"2586","NA19719.SG"
"2587","NA19720.SG"
"2588","NA19722.SG"
"2589","NA19723.SG"
"2590","NA19725.SG"
"2591","NA19726.SG"
"2592","NA19728.SG"
"2593","NA19729.SG"
"2594","NA19731.SG"
"2595","NA19732.SG"
"2596","NA19734.SG"
"2597","NA19735.SG"
"2598","NA19740.SG"
"2599","NA19741.SG"
"2600","NA19746.SG"
"2601","NA19747.SG"
"2602","NA19749.SG"
"2603","NA19750.SG"
"2604","NA19752.SG"
"2605","NA19755.SG"
"2606","NA19756.SG"
"2607","NA19758.SG"
"2608","NA19759.SG"
"2609","NA19761.SG"
"2610","NA19762.SG"
"2611","NA19764.SG"
"2612","NA19770.SG"
"2613","NA19771.SG"
"2614","NA19773.SG"
"2615","NA19774.SG"
"2616","NA19776.SG"
"2617","NA19777.SG"
"2618","NA19779.SG"
"2619","NA19780.SG"
"2620","NA19782.SG"
"2621","NA19783.SG"
"2622","NA19785.SG"
"2623","NA19786.SG"
"2624","NA19788.SG"
"2625","NA19789.SG"
"2626","NA19792.SG"
"2627","NA19794.SG"
"2628","NA19795.SG"
"2629","NA19818.SG"
"2630","NA19819.SG"
"2631","NA19834.SG"
"2632","NA19835.SG"
"2633","NA19900.SG"
"2634","NA19901.SG"
"2635","NA19904.SG"
"2636","NA19908.SG"
"2637","NA19909.SG"
"2638","NA19913.SG"
"2639","NA19914.SG"
"2640","NA19916.SG"
"2641","NA19917.SG"
"2642","NA19920.SG"
"2643","NA19921.SG"
"2644","NA19922.SG"
"2645","NA19923.SG"
"2646","NA19982.SG"
"2647","NA19984.SG"
"2648","NA19985.SG"
"2649","NA20126.SG"
"2650","NA20127.SG"
"2651","NA20274.SG"
"2652","NA20276.SG"
"2653","NA20278.SG"
"2654","NA20281.SG"
"2655","NA20282.SG"
"2656","NA20287.SG"
"2657","NA20289.SG"
"2658","NA20291.SG"
"2659","NA20294.SG"
"2660","NA20296.SG"
"2661","NA20298.SG"
"2662","NA20299.SG"
"2663","NA20314.SG"
"2664","NA20317.SG"
"2665","NA20318.SG"
"2666","NA20320.SG"
"2667","NA20321.SG"
"2668","NA20322.SG"
"2669","NA20332.SG"
"2670","NA20334.SG"
"2671","NA20336.SG"
"2672","NA20339.SG"
"2673","NA20340.SG"
"2674","NA20341.SG"
"2675","NA20342.SG"
"2676","NA20344.SG"
"2677","NA20346.SG"
"2678","NA20348.SG"
"2679","NA20351.SG"
"2680","NA20355.SG"
"2681","NA20356.SG"
"2682","NA20357.SG"
"2683","NA20359.SG"
"2684","NA20362.SG"
"2685","NA20412.SG"
"2686","NA20502.SG"
"2687","NA20503.SG"
"2688","NA20504.SG"
"2689","NA20505.SG"
"2690","NA20506.SG"
"2691","NA20507.SG"
"2692","NA20508.SG"
"2693","NA20509.SG"
"2694","NA20510.SG"
"2695","NA20511.SG"
"2696","NA20512.SG"
"2697","NA20513.SG"
"2698","NA20514.SG"
"2699","NA20515.SG"
"2700","NA20516.SG"
"2701","NA20517.SG"
"2702","NA20518.SG"
"2703","NA20519.SG"
"2704","NA20520.SG"
"2705","NA20521.SG"
"2706","NA20522.SG"
"2707","NA20524.SG"
"2708","NA20525.SG"
"2709","NA20526.SG"
"2710","NA20527.SG"
"2711","NA20528.SG"
"2712","NA20529.SG"
"2713","NA20530.SG"
"2714","NA20531.SG"
"2715","NA20532.SG"
"2716","NA20533.SG"
"2717","NA20534.SG"
"2718","NA20535.SG"
"2719","NA20536.SG"
"2720","NA20538.SG"
"2721","NA20539.SG"
"2722","NA20540.SG"
"2723","NA20541.SG"
"2724","NA20542.SG"
"2725","NA20543.SG"
"2726","NA20544.SG"
"2727","NA20581.SG"
"2728","NA20582.SG"
"2729","NA20585.SG"
"2730","NA20586.SG"
"2731","NA20587.SG"
"2732","NA20588.SG"
"2733","NA20589.SG"
"2734","NA20752.SG"
"2735","NA20753.SG"
"2736","NA20754.SG"
"2737","NA20755.SG"
"2738","NA20756.SG"
"2739","NA20757.SG"
"2740","NA20758.SG"
"2741","NA20759.SG"
"2742","NA20760.SG"
"2743","NA20761.SG"
"2744","NA20762.SG"
"2745","NA20763.SG"
"2746","NA20764.SG"
"2747","NA20765.SG"
"2748","NA20766.SG"
"2749","NA20767.SG"
"2750","NA20768.SG"
"2751","NA20769.SG"
"2752","NA20770.SG"
"2753","NA20771.SG"
"2754","NA20772.SG"
"2755","NA20773.SG"
"2756","NA20774.SG"
"2757","NA20775.SG"
"2758","NA20778.SG"
"2759","NA20783.SG"
"2760","NA20785.SG"
"2761","NA20786.SG"
"2762","NA20787.SG"
"2763","NA20790.SG"
"2764","NA20792.SG"
"2765","NA20795.SG"
"2766","NA20796.SG"
"2767","NA20797.SG"
"2768","NA20798.SG"
"2769","NA20799.SG"
"2770","NA20800.SG"
"2771","NA20801.SG"
"2772","NA20802.SG"
"2773","NA20803.SG"
"2774","NA20804.SG"
"2775","NA20805.SG"
"2776","NA20806.SG"
"2777","NA20807.SG"
"2778","NA20808.SG"
"2779","NA20809.SG"
"2780","NA20810.SG"
"2781","NA20811.SG"
"2782","NA20812.SG"
"2783","NA20813.SG"
"2784","NA20814.SG"
"2785","NA20815.SG"
"2786","NA20818.SG"
"2787","NA20819.SG"
"2788","NA20821.SG"
"2789","NA20822.SG"
"2790","NA20826.SG"
"2791","NA20827.SG"
"2792","NA20828.SG"
"2793","NA20832.SG"
"2794","NA20845.SG"
"2795","NA20846.SG"
"2796","NA20847.SG"
"2797","NA20849.SG"
"2798","NA20850.SG"
"2799","NA20851.SG"
"2800","NA20852.SG"
"2801","NA20853.SG"
"2802","NA20854.SG"
"2803","NA20856.SG"
"2804","NA20858.SG"
"2805","NA20859.SG"
"2806","NA20861.SG"
"2807","NA20862.SG"
"2808","NA20863.SG"
"2809","NA20864.SG"
"2810","NA20866.SG"
"2811","NA20867.SG"
"2812","NA20868.SG"
"2813","NA20869.SG"
"2814","NA20870.SG"
"2815","NA20871.SG"
"2816","NA20872.SG"
"2817","NA20874.SG"
"2818","NA20875.SG"
"2819","NA20876.SG"
"2820","NA20877.SG"
"2821","NA20878.SG"
"2822","NA20881.SG"
"2823","NA20882.SG"
"2824","NA20884.SG"
"2825","NA20885.SG"
"2826","NA20886.SG"
"2827","NA20887.SG"
"2828","NA20888.SG"
"2829","NA20889.SG"
"2830","NA20890.SG"
"2831","NA20891.SG"
"2832","NA20892.SG"
"2833","NA20893.SG"
"2834","NA20894.SG"
"2835","NA20895.SG"
"2836","NA20896.SG"
"2837","NA20897.SG"
"2838","NA20898.SG"
"2839","NA20899.SG"
"2840","NA20900.SG"
"2841","NA20901.SG"
"2842","NA20902.SG"
"2843","NA20903.SG"
"2844","NA20904.SG"
"2845","NA20905.SG"
"2846","NA20906.SG"
"2847","NA20908.SG"
"2848","NA20910.SG"
"2849","NA20911.SG"
"2850","NA21086.SG"
"2851","NA21087.SG"
"2852","NA21088.SG"
"2853","NA21089.SG"
"2854","NA21090.SG"
"2855","NA21091.SG"
"2856","NA21092.SG"
"2857","NA21093.SG"
"2858","NA21094.SG"
"2859","NA21095.SG"
"2860","NA21097.SG"
"2861","NA21098.SG"
"2862","NA21099.SG"
"2863","NA21100.SG"
"2864","NA21101.SG"
"2865","NA21102.SG"
"2866","NA21103.SG"
"2867","NA21104.SG"
"2868","NA21105.SG"
"2869","NA21106.SG"
"2870","NA21107.SG"
"2871","NA21108.SG"
"2872","NA21109.SG"
"2873","NA21110.SG"
"2874","NA21111.SG"
"2875","NA21112.SG"
"2876","NA21113.SG"
"2877","NA21114.SG"
"2878","NA21115.SG"
"2879","NA21116.SG"
"2880","NA21117.SG"
"2881","NA21118.SG"
"2882","NA21119.SG"
"2883","NA21120.SG"
"2884","NA21122.SG"
"2885","NA21123.SG"
"2886","NA21124.SG"
"2887","NA21125.SG"
"2888","NA21126.SG"
"2889","NA21127.SG"
"2890","NA21128.SG"
"2891","NA21129.SG"
"2892","NA21130.SG"
"2893","NA21133.SG"
"2894","NA21135.SG"
"2895","NA21137.SG"
"2896","NA21141.SG"
"2897","NA21142.SG"
"2898","NA21143.SG"
"2899","NA21144.SG"
"2900","mondal_BIR-08.SG"
"2901","mondal_BIR-11.SG"
"2902","mondal_BIR-12.SG"
"2903","mondal_BIR-13.SG"
"2904","mondal_BIR-14.SG"
"2905","mondal_BIR-15.SG"
"2906","mondal_BIR-16.SG"
"2907","mondal_BIR-18.SG"
"2908","mondal_BIR-22.SG"
"2909","mondal_BR1-10.SG"
"2910","mondal_BR1-12.SG"
"2911","mondal_BR1-13.SG"
"2912","mondal_BR1-16.SG"
"2913","mondal_BR1-18.SG"
"2914","mondal_BR1-1.SG"
"2915","mondal_BR1-3.SG"
"2916","mondal_BR1-4.SG"
"2917","mondal_BR1-5.SG"
"2918","mondal_BR1-6.SG"
"2919","mondal_IL-01.SG"
"2920","mondal_IL-04.SG"
"2921","mondal_IL-07.SG"
"2922","mondal_IL-08.SG"
"2923","mondal_IL-09.SG"
"2924","mondal_IL-10.SG"
"2925","mondal_IL-11.SG"
"2926","mondal_IL-12.SG"
"2927","mondal_IL-15.SG"
"2928","mondal_IL-16.SG"
"2929","mondal_PRBB-1.SG"
"2930","mondal_PRBB-2.SG"
"2931","mondal_RAI-11.SG"
"2932","mondal_RAI-12.SG"
"2933","mondal_RAI-13.SG"
"2934","mondal_RAI-15.SG"
"2935","mondal_RAI-2.SG"
"2936","mondal_RAI-3.SG"
"2937","mondal_RAI-4.SG"
"2938","mondal_RAI-5.SG"
"2939","mondal_RAI-8.SG"
"2940","mondal_RAI-9.SG"
"2941","mondal_RIA-12.SG"
"2942","mondal_RIA-14.SG"
"2943","mondal_RIA-19.SG"
"2944","mondal_RIA-20.SG"
"2945","mondal_RIA-23.SG"
"2946","mondal_RIA-24.SG"
"2947","mondal_RIA-41.SG"
"2948","mondal_RIA-42.SG"
"2949","mondal_RIA-45.SG"
"2950","mondal_RIA-63.SG"
"2951","mondal_VV1-01.SG"
"2952","mondal_VV1-03.SG"
"2953","mondal_VV1-04.SG"
"2954","mondal_VV1-05.SG"
"2955","mondal_VV1-06.SG"
"2956","mondal_VV1-07.SG"
"2957","mondal_VV1-14.SG"
"2958","mondal_VV1-16.SG"
"2959","mondal_VV1-20.SG"
"2960","mondal_JAR-27.SG"
"2961","mondal_JAR-32.SG"
"2962","mondal_JAR-54.SG"
"2963","mondal_JAR-61.SG"
"2964","mondal_ONG-1.SG"
"2965","mondal_ONG-12.SG"
"2966","mondal_ONG-14.SG"
"2967","mondal_ONG-4.SG"
"2968","mondal_ONG-8.SG"
"2969","mondal_ONG-9.SG"
"2970","Altais1.SG"
"2971","Altais2.SG"
"2972","Bashkirs1.SG"
"2973","Bashkirs2.SG"
"2974","Bashkirs3.SG"
"2975","Buryats1.SG"
"2976","Buryats2.SG"
"2977","Dungan1.SG"
"2978","Dungan2.SG"
"2979","Hazaras1.SG"
"2980","Hazaras2.SG"
"2981","Hazaras3.SG"
"2982","IrtyshBarabinskTatars1.SG"
"2983","IrtyshBarabinskTatars2.SG"
"2984","Kalmyks1.SG"
"2985","Kalmyks2.SG"
"2986","Karakalpaks1.SG"
"2987","Karakalpaks2.SG"
"2988","Karakalpaks3.SG"
"2989","Kazakhs2.SG"
"2990","Kazakhs3.SG"
"2991","Kazkahs1.SG"
"2992","Kyrgyz1.SG"
"2993","Kyrgyz2.SG"
"2994","Tajiks1.SG"
"2995","Tajiks2.SG"
"2996","Tajiks3.SG"
"2997","Teleuts1.SG"
"2998","Teleuts2.SG"
"2999","TomskTatars1.SG"
"3000","TomskTatars2.SG"
"3001","Turkmens1.SG"
"3002","Turkmens2.SG"
"3003","Uyghurs1.SG"
"3004","Uyghurs2.SG"
"3005","Uyghurs3.SG"
"3006","Uzbeks1.SG"
"3007","Uzbeks2.SG"
"3008","Uzbeks3.SG"
"3009","VolgaTatars1.SG"
"3010","VolgaTatars2.SG"
"3011","HGDP01201.SDG"
"3012","HGDP00479.SDG"
"3013","HGDP01408.SDG"
"3014","HGDP00471.SDG"
"3015","HGDP01411.SDG"
"3016","HGDP00937.SDG"
"3017","HGDP01189.SDG"
"3018","HGDP01094.SDG"
"3019","HGDP00469.SDG"
"3020","HGDP00475.SDG"
"3021","HGDP01368.SDG"
"3022","HGDP00473.SDG"
"3023","HGDP01405.SDG"
"3024","HGDP00470.SDG"
"3025","HGDP00458.SDG"
"3026","HGDP00904.SDG"
"3027","HGDP01200.SDG"
"3028","HGDP00452.SDG"
"3029","HGDP00459.SDG"
"3030","HGDP00914.SDG"
"3031","HGDP00942.SDG"
"3032","HGDP01031.SDG"
"3033","HGDP00944.SDG"
"3034","HGDP01406.SDG"
"3035","HGDP01216.SDG"
"3036","HGDP00907.SDG"
"3037","HGDP01202.SDG"
"3038","HGDP00908.SDG"
"3039","HGDP00940.SDG"
"3040","HGDP00911.SDG"
"3041","HGDP00464.SDG"
"3042","HGDP00929.SDG"
"3043","HGDP00986.SDG"
"3044","HGDP01244.SDG"
"3045","HGDP00941.SDG"
"3046","HGDP00934.SDG"
"3047","HGDP00462.SDG"
"3048","HGDP00453.SDG"
"3049","HGDP00935.SDG"
"3050","HGDP00943.SDG"
"3051","HGDP01412.SDG"
"3052","HGDP01243.SDG"
"3053","HGDP01299.SDG"
"3054","HGDP00845.SDG"
"3055","HGDP00994.SDG"
"3056","HGDP01283.SDG"
"3057","HGDP00993.SDG"
"3058","HGDP00918.SDG"
"3059","HGDP00985.SDG"
"3060","HGDP00910.SDG"
"3061","HGDP00135.SDG"
"3062","HGDP00214.SDG"
"3063","HGDP00655.SDG"
"3064","HGDP01096.SDG"
"3065","HGDP00472.SDG"
"3066","HGDP00450.SDG"
"3067","HGDP00905.SDG"
"3068","HGDP01298.SDG"
"3069","HGDP00715.SDG"
"3070","HGDP00711.SDG"
"3071","HGDP00103.SDG"
"3072","HGDP00359.SDG"
"3073","HGDP00788.SDG"
"3074","HGDP00136.SDG"
"3075","HGDP00541.SDG"
"3076","HGDP01285.SDG"
"3077","HGDP00491.SDG"
"3078","HGDP00105.SDG"
"3079","HGDP00127.SDG"
"3080","HGDP00547.SDG"
"3081","HGDP00463.SDG"
"3082","HGDP00703.SDG"
"3083","HGDP00580.SDG"
"3084","HGDP00130.SDG"
"3085","HGDP00167.SDG"
"3086","HGDP00576.SDG"
"3087","HGDP01385.SDG"
"3088","HGDP00662.SDG"
"3089","HGDP00948.SDG"
"3090","HGDP00005.SDG"
"3091","HGDP00163.SDG"
"3092","HGDP00346.SDG"
"3093","HGDP00609.SDG"
"3094","HGDP01257.SDG"
"3095","HGDP00608.SDG"
"3096","HGDP00544.SDG"
"3097","HGDP00714.SDG"
"3098","HGDP00057.SDG"
"3099","HGDP00213.SDG"
"3100","HGDP00165.SDG"
"3101","HGDP01300.SDG"
"3102","HGDP00931.SDG"
"3103","HGDP00466.SDG"
"3104","HGDP00279.SDG"
"3105","HGDP00945.SDG"
"3106","HGDP00056.SDG"
"3107","HGDP01050.SDG"
"3108","HGDP00288.SDG"
"3109","HGDP00562.SDG"
"3110","HGDP01396.SDG"
"3111","HGDP01009.SDG"
"3112","HGDP01383.SDG"
"3113","HGDP00341.SDG"
"3114","HGDP01013.SDG"
"3115","HGDP00543.SDG"
"3116","HGDP00947.SDG"
"3117","HGDP00723.SDG"
"3118","HGDP00467.SDG"
"3119","HGDP00545.SDG"
"3120","HGDP00610.SDG"
"3121","HGDP00001.SDG"
"3122","HGDP00218.SDG"
"3123","HGDP00933.SDG"
"3124","HGDP00856.SDG"
"3125","HGDP00062.SDG"
"3126","HGDP01086.SDG"
"3127","HGDP00710.SDG"
"3128","HGDP01192.SDG"
"3129","HGDP00009.SDG"
"3130","HGDP00924.SDG"
"3131","HGDP00550.SDG"
"3132","HGDP00920.SDG"
"3133","HGDP01225.SDG"
"3134","HGDP00925.SDG"
"3135","HGDP00938.SDG"
"3136","HGDP00478.SDG"
"3137","HGDP00939.SDG"
"3138","HGDP01256.SDG"
"3139","HGDP00724.SDG"
"3140","HGDP00726.SDG"
"3141","HGDP00837.SDG"
"3142","HGDP01190.SDG"
"3143","HGDP00555.SDG"
"3144","HGDP01029.SDG"
"3145","HGDP00118.SDG"
"3146","HGDP01081.SDG"
"3147","HGDP01415.SDG"
"3148","HGDP01418.SDG"
"3149","HGDP01043.SDG"
"3150","HGDP00843.SDG"
"3151","HGDP01419.SDG"
"3152","HGDP00992.SDG"
"3153","HGDP00877.SDG"
"3154","HGDP00781.SDG"
"3155","HGDP00926.SDG"
"3156","HGDP00782.SDG"
"3157","HGDP01255.SDG"
"3158","HGDP00460.SDG"
"3159","HGDP01245.SDG"
"3160","HGDP01037.SDG"
"3161","HGDP00930.SDG"
"3162","HGDP00820.SDG"
"3163","HGDP01214.SDG"
"3164","HGDP00319.SDG"
"3165","HGDP01186.SDG"
"3166","HGDP01310.SDG"
"3167","HGDP00821.SDG"
"3168","HGDP00777.SDG"
"3169","HGDP00984.SDG"
"3170","HGDP01327.SDG"
"3171","HGDP01099.SDG"
"3172","HGDP01416.SDG"
"3173","HGDP00972.SDG"
"3174","HGDP01313.SDG"
"3175","HGDP00813.SDG"
"3176","HGDP00814.SDG"
"3177","HGDP00971.SDG"
"3178","HGDP01296.SDG"
"3179","HGDP01330.SDG"
"3180","HGDP00812.SDG"
"3181","HGDP01213.SDG"
"3182","HGDP01340.SDG"
"3183","HGDP00811.SDG"
"3184","HGDP01033.SDG"
"3185","HGDP01090.SDG"
"3186","HGDP01021.SDG"
"3187","HGDP01289.SDG"
"3188","HGDP01023.SDG"
"3189","HGDP00917.SDG"
"3190","HGDP00776.SDG"
"3191","HGDP00774.SDG"
"3192","HGDP00815.SDG"
"3193","HGDP00779.SDG"
"3194","HGDP00818.SDG"
"3195","HGDP00784.SDG"
"3196","HGDP01318.SDG"
"3197","HGDP01100.SDG"
"3198","HGDP01290.SDG"
"3199","HGDP00975.SDG"
"3200","HGDP00974.SDG"
"3201","HGDP01196.SDG"
"3202","HGDP00786.SDG"
"3203","HGDP01181.SDG"
"3204","HGDP01354.SDG"
"3205","HGDP01294.SDG"
"3206","HGDP01352.SDG"
"3207","HGDP01348.SDG"
"3208","HGDP01322.SDG"
"3209","HGDP00977.SDG"
"3210","HGDP00780.SDG"
"3211","HGDP01287.SDG"
"3212","HGDP01292.SDG"
"3213","HGDP00976.SDG"
"3214","HGDP01224.SDG"
"3215","HGDP01184.SDG"
"3216","HGDP01334.SDG"
"3217","HGDP01321.SDG"
"3218","HGDP01101.SDG"
"3219","HGDP01353.SDG"
"3220","HGDP00817.SDG"
"3221","HGDP01180.SDG"
"3222","HGDP01195.SDG"
"3223","HGDP01341.SDG"
"3224","HG01804.SG"
"3225","HGDP01311.SDG"
"3226","HGDP01193.SDG"
"3227","HGDP01104.SDG"
"3228","HGDP01187.SDG"
"3229","HGDP01347.SDG"
"3230","HGDP01197.SDG"
"3231","HGDP01349.SDG"
"3232","HGDP01351.SDG"
"3233","HGDP01328.SDG"
"3234","HGDP01295.SDG"
"3235","HGDP01288.SDG"
"3236","HGDP01329.SDG"
"3237","HGDP00747.SDG"
"3238","HGDP01293.SDG"
"3239","HGDP00973.SDG"
"3240","HGDP00762.SDG"
"3241","HGDP01185.SDG"
"3242","HGDP01331.SDG"
"3243","HGDP01103.SDG"
"3244","HGDP01317.SDG"
"3245","HGDP01346.SDG"
"3246","HGDP01342.SDG"
"3247","HGDP01238.SDG"
"3248","HGDP01326.SDG"
"3249","HGDP01356.SDG"
"3250","HGDP00958.SDG"
"3251","HGDP01247.SDG"
"3252","HGDP00766.SDG"
"3253","HGDP01233.SDG"
"3254","HGDP01207.SDG"
"3255","HGDP01336.SDG"
"3256","HGDP00819.SDG"
"3257","HGDP00382.SDG"
"3258","HGDP00946.SDG"
"3259","HGDP01332.SDG"
"3260","HGDP01337.SDG"
"3261","HGDP01222.SDG"
"3262","HGDP01291.SDG"
"3263","HGDP01183.SDG"
"3264","HGDP00822.SDG"
"3265","HGDP00755.SDG"
"3266","HGDP00966.SDG"
"3267","HGDP01304.SDG"
"3268","HGDP00716.SDG"
"3269","HGDP01182.SDG"
"3270","HGDP01230.SDG"
"3271","HGDP00965.SDG"
"3272","HGDP01194.SDG"
"3273","HGDP00376.SDG"
"3274","HGDP00364.SDG"
"3275","HGDP00954.SDG"
"3276","HGDP01234.SDG"
"3277","HGDP00712.SDG"
"3278","HGDP00962.SDG"
"3279","HGDP00754.SDG"
"3280","HGDP01232.SDG"
"3281","HGDP01102.SDG"
"3282","HGDP01204.SDG"
"3283","HGDP00100.SDG"
"3284","HGDP01303.SDG"
"3285","HGDP01206.SDG"
"3286","HGDP00772.SDG"
"3287","HGDP00099.SDG"
"3288","HGDP00371.SDG"
"3289","HGDP00758.SDG"
"3290","HGDP00765.SDG"
"3291","HGDP00750.SDG"
"3292","HGDP01229.SDG"
"3293","HGDP01237.SDG"
"3294","HGDP00756.SDG"
"3295","HGDP00751.SDG"
"3296","HGDP00828.SDG"
"3297","HGDP00108.SDG"
"3298","HGDP00115.SDG"
"3299","HGDP00790.SDG"
"3300","HGDP00109.SDG"
"3301","HGDP00963.SDG"
"3302","HGDP00356.SDG"
"3303","HGDP00392.SDG"
"3304","HGDP01221.SDG"
"3305","HGDP00953.SDG"
"3306","HGDP01209.SDG"
"3307","HGDP00950.SDG"
"3308","HGDP00719.SDG"
"3309","HGDP00104.SDG"
"3310","HGDP01249.SDG"
"3311","HGDP01218.SDG"
"3312","HGDP01251.SDG"
"3313","HGDP00960.SDG"
"3314","HGDP00964.SDG"
"3315","HGDP00771.SDG"
"3316","HGDP00957.SDG"
"3317","HGDP00968.SDG"
"3318","HGDP01220.SDG"
"3319","HGDP01212.SDG"
"3320","HGDP00761.SDG"
"3321","HGDP01205.SDG"
"3322","HGDP00351.SDG"
"3323","HGDP00372.SDG"
"3324","HGDP01241.SDG"
"3325","HGDP00760.SDG"
"3326","HGDP00961.SDG"
"3327","HGDP00769.SDG"
"3328","HGDP00757.SDG"
"3329","HGDP00952.SDG"
"3330","HGDP00721.SDG"
"3331","HGDP00021.SDG"
"3332","HGDP01231.SDG"
"3333","HGDP00969.SDG"
"3334","HGDP00039.SDG"
"3335","HGDP00764.SDG"
"3336","HGDP01305.SDG"
"3337","HGDP00060.SDG"
"3338","HGDP00035.SDG"
"3339","HGDP00791.SDG"
"3340","HGDP00234.SDG"
"3341","HGDP01227.SDG"
"3342","HGDP01236.SDG"
"3343","HGDP00110.SDG"
"3344","HGDP00173.SDG"
"3345","HGDP00955.SDG"
"3346","HGDP00106.SDG"
"3347","HGDP00285.SDG"
"3348","HGDP00047.SDG"
"3349","HGDP00049.SDG"
"3350","HGDP00031.SDG"
"3351","HGDP00438.SDG"
"3352","HGDP00199.SDG"
"3353","HGDP00313.SDG"
"3354","HGDP00066.SDG"
"3355","HGDP00239.SDG"
"3356","HGDP00013.SDG"
"3357","HGDP00323.SDG"
"3358","HGDP00070.SDG"
"3359","HGDP00262.SDG"
"3360","HGDP00224.SDG"
"3361","HGDP00304.SDG"
"3362","HGDP00098.SDG"
"3363","HGDP00043.SDG"
"3364","HGDP00181.SDG"
"3365","HGDP00247.SDG"
"3366","HGDP01361.SDG"
"3367","HGDP00445.SDG"
"3368","HGDP00423.SDG"
"3369","HGDP00189.SDG"
"3370","HGDP00243.SDG"
"3371","HGDP00033.SDG"
"3372","HGDP00011.SDG"
"3373","HGDP00210.SDG"
"3374","HGDP00082.SDG"
"3375","HGDP00258.SDG"
"3376","HGDP00315.SDG"
"3377","HGDP00052.SDG"
"3378","HGDP00074.SDG"
"3379","HGDP00185.SDG"
"3380","HGDP00072.SDG"
"3381","HGDP00192.SDG"
"3382","HGDP00244.SDG"
"3383","HGDP00277.SDG"
"3384","HGDP00412.SDG"
"3385","HGDP00092.SDG"
"3386","HGDP01358.SDG"
"3387","HGDP00228.SDG"
"3388","HGDP00264.SDG"
"3389","HGDP00290.SDG"
"3390","HGDP00330.SDG"
"3391","HGDP00003.SDG"
"3392","HGDP01359.SDG"
"3393","HGDP00417.SDG"
"3394","HGDP00025.SDG"
"3395","HGDP00139.SDG"
"3396","HGDP00536.SDG"
"3397","HGDP00539.SDG"
"3398","HGDP00205.SDG"
"3399","HGDP00183.SDG"
"3400","HGDP00402.SDG"
"3401","HGDP00169.SDG"
"3402","HGDP00080.SDG"
"3403","HGDP00096.SDG"
"3404","HGDP00015.SDG"
"3405","HGDP00141.SDG"
"3406","HGDP00879.SDG"
"3407","HGDP00086.SDG"
"3408","HGDP00298.SDG"
"3409","HGDP00146.SDG"
"3410","HGDP00251.SDG"
"3411","HGDP00902.SDG"
"3412","HGDP00150.SDG"
"3413","HGDP00226.SDG"
"3414","HGDP00309.SDG"
"3415","HGDP00153.SDG"
"3416","HGDP00519.SDG"
"3417","HGDP00512.SDG"
"3418","HGDP00088.SDG"
"3419","HGDP00145.SDG"
"3420","HGDP01357.SDG"
"3421","HGDP00134.SDG"
"3422","HGDP00137.SDG"
"3423","HGDP00201.SDG"
"3424","HGDP00880.SDG"
"3425","HGDP00513.SDG"
"3426","HGDP00900.SDG"
"3427","HGDP00898.SDG"
"3428","HGDP00527.SDG"
"3429","HGDP01363.SDG"
"3430","HGDP00524.SDG"
"3431","HGDP00511.SDG"
"3432","HGDP00154.SDG"
"3433","HGDP01404.SDG"
"3434","HGDP00143.SDG"
"3435","HGDP01384.SDG"
"3436","HGDP00899.SDG"
"3437","HGDP00901.SDG"
"3438","HGDP00177.SDG"
"3439","HGDP00886.SDG"
"3440","HGDP00078.SDG"
"3441","HGDP01388.SDG"
"3442","HGDP01360.SDG"
"3443","HGDP00520.SDG"
"3444","HGDP00149.SDG"
"3445","HGDP00522.SDG"
"3446","HGDP00535.SDG"
"3447","HGDP00523.SDG"
"3448","HGDP00518.SDG"
"3449","HGDP00158.SDG"
"3450","HGDP00094.SDG"
"3451","HGDP00531.SDG"
"3452","HGDP00537.SDG"
"3453","HGDP00528.SDG"
"3454","HGDP00151.SDG"
"3455","HGDP00516.SDG"
"3456","HGDP00895.SDG"
"3457","HGDP00133.SDG"
"3458","HGDP00891.SDG"
"3459","HGDP00076.SDG"
"3460","HGDP01362.SDG"
"3461","HGDP00529.SDG"
"3462","HGDP00883.SDG"
"3463","HGDP00515.SDG"
"3464","HGDP00140.SDG"
"3465","HGDP00882.SDG"
"3466","HGDP00538.SDG"
"3467","HGDP01400.SDG"
"3468","HGDP00148.SDG"
"3469","HGDP00155.SDG"
"3470","HGDP01398.SDG"
"3471","HGDP00131.SDG"
"3472","HGDP01382.SDG"
"3473","HGDP00144.SDG"
"3474","HGDP00884.SDG"
"3475","HGDP01376.SDG"
"3476","HGDP00889.SDG"
"3477","HGDP01397.SDG"
"3478","HGDP00896.SDG"
"3479","HGDP01386.SDG"
"3480","HGDP00525.SDG"
"3481","HGDP00890.SDG"
"3482","HGDP01403.SDG"
"3483","HGDP00893.SDG"
"3484","HGDP00897.SDG"
"3485","HGDP00517.SDG"
"3486","HGDP00799.SDG"
"3487","HGDP00885.SDG"
"3488","HGDP00161.SDG"
"3489","HGDP00892.SDG"
"3490","HGDP00888.SDG"
"3491","HGDP01074.SDG"
"3492","HGDP00881.SDG"
"3493","HGDP00671.SDG"
"3494","HGDP00514.SDG"
"3495","HGDP01157.SDG"
"3496","HGDP00894.SDG"
"3497","HGDP01164.SDG"
"3498","HGDP01156.SDG"
"3499","HGDP00561.SDG"
"3500","HGDP01073.SDG"
"3501","HGDP00563.SDG"
"3502","HGDP01399.SDG"
"3503","HGDP00797.SDG"
"3504","HGDP01375.SDG"
"3505","HGDP01065.SDG"
"3506","HGDP00572.SDG"
"3507","HGDP00573.SDG"
"3508","HGDP01066.SDG"
"3509","HGDP00808.SDG"
"3510","HGDP00583.SDG"
"3511","HGDP01166.SDG"
"3512","HGDP00807.SDG"
"3513","HGDP01387.SDG"
"3514","HGDP01367.SDG"
"3515","HGDP00534.SDG"
"3516","HGDP00670.SDG"
"3517","HGDP00582.SDG"
"3518","HGDP00579.SDG"
"3519","HGDP00649.SDG"
"3520","HGDP00651.SDG"
"3521","HGDP00691.SDG"
"3522","HGDP01071.SDG"
"3523","HGDP00700.SDG"
"3524","HGDP00590.SDG"
"3525","HGDP00668.SDG"
"3526","HGDP00632.SDG"
"3527","HGDP00675.SDG"
"3528","HGDP00803.SDG"
"3529","HGDP00575.SDG"
"3530","HGDP00794.SDG"
"3531","HGDP01173.SDG"
"3532","HGDP00565.SDG"
"3533","HGDP00741.SDG"
"3534","HGDP00674.SDG"
"3535","HGDP01068.SDG"
"3536","HGDP00646.SDG"
"3537","HGDP00122.SDG"
"3538","HGDP00248.SDG"
"3539","HGDP00254.SDG"
"3540","HGDP00179.SDG"
"3541","HGDP00241.SDG"
"3542","HGDP01075.SDG"
"3543","HGDP00581.SDG"
"3544","HGDP00045.SDG"
"3545","HGDP00578.SDG"
"3546","HGDP01366.SDG"
"3547","HGDP01070.SDG"
"3548","HGDP00868.SDG"
"3549","HGDP00970.SDG"
"3550","HGDP00631.SDG"
"3551","HGDP00870.SDG"
"3552","HGDP00546.SDG"
"3553","HGDP00661.SDG"
"3554","HGDP00682.SDG"
"3555","HGDP00653.SDG"
"3556","HGDP00129.SDG"
"3557","HGDP00604.SDG"
"3558","HGDP00684.SDG"
"3559","HGDP00639.SDG"
"3560","HGDP00620.SDG"
"3561","HGDP00800.SDG"
"3562","HGDP01171.SDG"
"3563","HGDP01169.SDG"
"3564","HGDP00802.SDG"
"3565","HGDP00566.SDG"
"3566","HGDP01149.SDG"
"3567","HGDP00626.SDG"
"3568","HGDP00102.SDG"
"3569","HGDP00767.SDG"
"3570","HGDP00326.SDG"
"3571","HGDP00120.SDG"
"3572","HGDP00175.SDG"
"3573","HGDP00333.SDG"
"3574","HGDP01155.SDG"
"3575","HGDP00667.SDG"
"3576","HGDP00863.SDG"
"3577","HGDP00588.SDG"
"3578","HGDP00556.SDG"
"3579","HGDP00787.SDG"
"3580","HGDP00858.SDG"
"3581","HGDP01001.SDG"
"3582","HGDP01161.SDG"
"3583","HGDP01063.SDG"
"3584","HGDP00912.SDG"
"3585","HGDP00595.SDG"
"3586","HGDP00621.SDG"
"3587","HGDP00623.SDG"
"3588","HGDP01269.SDG"
"3589","HGDP00685.SDG"
"3590","HGDP01067.SDG"
"3591","HGDP01167.SDG"
"3592","HGDP01069.SDG"
"3593","HGDP00696.SDG"
"3594","HGDP00687.SDG"
"3595","HGDP00121.SDG"
"3596","HGDP00388.SDG"
"3597","HGDP01248.SDG"
"3598","HGDP00698.SDG"
"3599","HGDP00037.SDG"
"3600","HGDP00307.SDG"
"3601","HGDP00407.SDG"
"3602","HGDP00259.SDG"
"3603","HGDP00571.SDG"
"3604","HGDP00873.SDG"
"3605","HGDP00663.SDG"
"3606","HGDP01041.SDG"
"3607","HGDP00999.SDG"
"3608","HGDP00704.SDG"
"3609","HGDP01277.SDG"
"3610","HGDP01152.SDG"
"3611","HGDP00708.SDG"
"3612","HGDP00869.SDG"
"3613","HGDP00909.SDG"
"3614","HGDP00641.SDG"
"3615","HGDP00591.SDG"
"3616","HGDP00643.SDG"
"3617","HGDP00676.SDG"
"3618","HGDP01369.SDG"
"3619","HGDP00640.SDG"
"3620","HGDP00810.SDG"
"3621","HGDP00673.SDG"
"3622","HGDP01379.SDG"
"3623","HGDP00577.SDG"
"3624","HGDP00686.SDG"
"3625","HGDP00614.SDG"
"3626","HGDP00732.SDG"
"3627","HGDP01268.SDG"
"3628","HGDP00054.SDG"
"3629","HGDP00191.SDG"
"3630","HGDP00311.SDG"
"3631","HGDP00669.SDG"
"3632","HGDP01072.SDG"
"3633","HGDP01162.SDG"
"3634","HGDP00995.SDG"
"3635","HGDP00876.SDG"
"3636","HGDP00854.SDG"
"3637","HGDP00875.SDG"
"3638","HGDP01056.SDG"
"3639","HGDP00752.SDG"
"3640","HGDP01058.SDG"
"3641","HGDP00753.SDG"
"3642","HGDP00832.SDG"
"3643","HGDP00727.SDG"
"3644","HGDP00679.SDG"
"3645","HGDP00688.SDG"
"3646","HGDP01260.SDG"
"3647","HGDP00635.SDG"
"3648","HGDP00672.SDG"
"3649","HGDP01378.SDG"
"3650","HGDP00557.SDG"
"3651","HGDP00678.SDG"
"3652","HGDP01254.SDG"
"3653","HGDP01217.SDG"
"3654","HGDP00638.SDG"
"3655","HGDP00618.SDG"
"3656","HGDP00949.SDG"
"3657","HGDP00759.SDG"
"3658","HGDP00230.SDG"
"3659","HGDP00068.SDG"
"3660","HGDP00029.SDG"
"3661","HGDP00553.SDG"
"3662","HGDP00615.SDG"
"3663","HGDP01309.SDG"
"3664","HGDP01060.SDG"
"3665","HGDP00628.SDG"
"3666","HGDP00859.SDG"
"3667","HGDP01053.SDG"
"3668","HGDP01027.SDG"
"3669","HGDP00805.SDG"
"3670","HGDP00872.SDG"
"3671","HGDP00594.SDG"
"3672","HGDP00624.SDG"
"3673","HGDP00598.SDG"
"3674","HGDP00647.SDG"
"3675","HGDP00735.SDG"
"3676","HGDP00699.SDG"
"3677","HGDP00602.SDG"
"3678","HGDP00586.SDG"
"3679","HGDP00648.SDG"
"3680","HGDP01239.SDG"
"3681","HGDP00690.SDG"
"3682","HGDP00017.SDG"
"3683","HGDP01270.SDG"
"3684","HGDP00444.SDG"
"3685","HGDP00197.SDG"
"3686","HGDP00560.SDG"
"3687","HGDP01059.SDG"
"3688","HGDP00849.SDG"
"3689","HGDP01276.SDG"
"3690","HGDP01262.SDG"
"3691","HGDP00906.SDG"
"3692","HGDP00625.SDG"
"3693","HGDP01282.SDG"
"3694","HGDP01373.SDG"
"3695","HGDP00607.SDG"
"3696","HGDP00683.SDG"
"3697","HGDP00738.SDG"
"3698","HGDP00739.SDG"
"3699","HGDP00629.SDG"
"3700","HGDP00746.SDG"
"3701","HGDP00619.SDG"
"3702","HGDP00636.SDG"
"3703","HGDP00574.SDG"
"3704","HGDP01370.SDG"
"3705","HGDP01077.SDG"
"3706","HGDP00587.SDG"
"3707","HGDP00599.SDG"
"3708","HGDP01174.SDG"
"3709","HGDP00637.SDG"
"3710","HGDP00677.SDG"
"3711","HGDP00748.SDG"
"3712","HGDP00171.SDG"
"3713","HGDP00041.SDG"
"3714","HGDP00023.SDG"
"3715","HGDP01372.SDG"
"3716","HGDP01151.SDG"
"3717","HGDP00558.SDG"
"3718","HGDP01275.SDG"
"3719","HGDP00454.SDG"
"3720","HGDP00860.SDG"
"3721","HGDP00455.SDG"
"3722","HGDP00549.SDG"
"3723","HGDP00861.SDG"
"3724","HGDP00551.SDG"
"3725","HGDP00611.SDG"
"3726","HGDP00730.SDG"
"3727","HGDP00745.SDG"
"3728","HGDP00564.SDG"
"3729","HGDP01377.SDG"
"3730","HGDP00666.SDG"
"3731","HGDP00959.SDG"
"3732","HGDP01271.SDG"
"3733","HGDP00433.SDG"
"3734","HGDP00397.SDG"
"3735","HGDP00237.SDG"
"3736","HGDP00806.SDG"
"3737","HGDP01177.SDG"
"3738","HGDP01302.SDG"
"3739","HGDP00804.SDG"
"3740","HGDP01019.SDG"
"3741","HGDP01055.SDG"
"3742","HGDP00729.SDG"
"3743","HGDP01010.SDG"
"3744","HGDP01014.SDG"
"3745","HGDP00871.SDG"
"3746","HGDP00862.SDG"
"3747","HGDP00634.SDG"
"3748","HGDP00693.SDG"
"3749","HGDP00644.SDG"
"3750","HGDP00613.SDG"
"3751","HGDP00654.SDG"
"3752","HGDP00734.SDG"
"3753","HGDP00645.SDG"
"3754","HGDP01267.SDG"
"3755","HGDP00701.SDG"
"3756","HGDP00733.SDG"
"3757","HGDP00744.SDG"
"3758","HGDP01208.SDG"
"3759","HGDP00302.SDG"
"3760","HGDP01380.SDG"
"3761","HGDP00795.SDG"
"3762","HGDP00913.SDG"
"3763","HGDP01258.SDG"
"3764","HGDP00864.SDG"
"3765","HGDP01339.SDG"
"3766","HGDP00568.SDG"
"3767","HGDP01280.SDG"
"3768","HGDP01261.SDG"
"3769","HGDP00622.SDG"
"3770","HGDP01264.SDG"
"3771","HGDP00692.SDG"
"3772","HGDP00736.SDG"
"3773","HGDP00612.SDG"
"3774","HGDP00740.SDG"
"3775","HGDP00584.SDG"
"3776","HGDP00600.SDG"
"3777","HGDP00627.SDG"
"3778","HGDP01374.SDG"
"3779","HGDP00542.SDG"
"3780","HGDP00559.SDG"
"3781","HGDP00838.SDG"
"3782","HGDP01301.SDG"
"3783","HGDP00642.SDG"
"3784","HGDP00694.SDG"
"3785","HGDP01259.SDG"
"3786","HGDP00187.SDG"
"3787","HGDP00274.SDG"
"3788","HGDP00281.SDG"
"3789","HGDP01263.SDG"
"3790","HGDP01057.SDG"
"3791","HGDP00606.SDG"
"3792","HGDP00601.SDG"
"3793","HGDP00689.SDG"
"3794","HGDP00697.SDG"
"3795","HGDP00064.SDG"
"3796","HGDP00222.SDG"
"3797","HGDP00007.SDG"
"3798","HGDP01062.SDG"
"3799","HGDP00567.SDG"
"3800","HGDP00967.SDG"
"3801","HGDP00206.SDG"
"3802","HGDP00865.SDG"
"3803","HGDP00731.SDG"
"3804","HGDP00664.SDG"
"3805","HGDP01266.SDG"
"3806","HGDP01265.SDG"
"3807","HGDP00630.SDG"
"3808","HGDP01064.SDG"
"3809","HGDP01272.SDG"
"3810","HGDP01279.SDG"
"3811","HGDP00680.SDG"
"3812","HGDP00521.SDG"
"3813","HGDP01284.SDG"
"3814","HGDP00456.SDG"
"3815","HGDP00778.SDG"
"3816","HGDP00927.SDG"
"3817","HGDP00998.SDG"
"3818","HGDP01307.SDG"
"3819","HGDP00665.SDG"
"3820","HGDP01079.SDG"
"3821","HGDP01078.SDG"
"3822","HGDP01323.SDG"
"3823","HGDP00616.SDG"
"3824","HGDP00725.SDG"
"3825","HGDP01338.SDG"
"3826","HGDP01333.SDG"
"3827","HGDP00449.SDG"
"3828","HGDP00476.SDG"
"3829","HGDP00027.SDG"
"3830","HGDP01345.SDG"
"3831","HGDP00548.SDG"
"3832","HGDP01402.SDG"
"3833","HGDP00737.SDG"
"3834","HGDP00232.SDG"
"3835","HGDP01246.SDG"
"3836","HGDP00773.SDG"
"3837","HGDP00749.SDG"
"3838","HGDP00597.SDG"
"3839","HGDP01198.SDG"
"3840","HGDP00058.SDG"
"3841","HGDP00785.SDG"
"3842","HGDP00903.SDG"
"3843","HGDP00540.SDG"
"3844","HGDP01098.SDG"
"3845","HGDP00706.SDG"
"3846","HGDP01253.SDG"
"3847","HGDP00569.SDG"
"3848","HGDP01240.SDG"
"3849","HGDP01315.SDG"
"3850","HGDP00160.SDG"
"3851","HGDP01364.SDG"
"3852","HGDP01032.SDG"
"3853","HGDP01153.SDG"
"3854","HGDP00932.SDG"
"3855","HGDP01047.SDG"
"3856","HGDP00338.SDG"
"3857","HGDP00846.SDG"
"3858","HGDP00991.SDG"
"3859","HGDP00936.SDG"
"3860","HGDP01274.SDG"
"3861","HGDP01030.SDG"
"3862","HGDP00660.SDG"
"3863","HGDP00216.SDG"
"3864","HGDP00656.SDG"
"3865","HGDP01076.SDG"
"3866","HGDP01286.SDG"
"3867","HGDP01044.SDG"
"3868","HGDP01242.SDG"
"3869","HGDP01417.SDG"
"3870","HGDP00956.SDG"
"3871","HGDP01320.SDG"
"3872","HGDP01179.SDG"
"3873","HGDP00124.SDG"
"3874","HGDP01034.SDG"
"3875","HGDP01414.SDG"
"3876","HGDP01308.SDG"
"3877","HGDP00090.SDG"
"3878","HGDP00195.SDG"
"3879","HGDP01188.SDG"
"3880","HGDP01250.SDG"
"3881","HGDP00474.SDG"
"3882","HGDP01199.SDG"
"3883","HGDP01018.SDG"
"3884","HGDP00650.SDG"
"3885","HGDP00157.SDG"
"3886","HGDP00286.SDG"
"3887","HGDP01036.SDG"
"3888","HGDP00526.SDG"
"3889","HGDP00717.SDG"
"3890","HGDP00783.SDG"
"3891","HGDP01401.SDG"
"3892","HGDP01365.SDG"
"3893","HGDP00722.SDG"
"3894","HGDP00887.SDG"
"3895","HGDP01335.SDG"
"3896","HGDP01306.SDG"
"3897","HGDP00982.SDG"
"3898","HGDP00987.SDG"
"3899","HGDP00951.SDG"
"3900","HGDP00713.SDG"
"3901","HGDP00775.SDG"
"3902","HGDP01172.SDG"
"3903","HGDP00533.SDG"
"3904","HGDP01163.SDG"
"3905","HGDP01035.SDG"
"3906","HGDP01215.SDG"
"3907","HGDP00428.SDG"
"3908","HGDP00552.SDG"
"3909","HGDP01350.SDG"
"3910","HGDP00855.SDG"
"3911","HGDP01015.SDG"
"3912","HGDP00852.SDG"
"3913","HGDP01314.SDG"
"3914","HGDP00702.SDG"
"3915","HGDP00208.SDG"
"3916","HGDP01095.SDG"
"3917","HGDP01012.SDG"
"3918","HGDP01223.SDG"
"3919","HGDP01228.SDG"
"3920","HGDP01168.SDG"
"3921","HGDP00554.SDG"
"3922","HGDP00125.SDG"
"3923","HGDP01028.SDG"
"3924","HGDP01297.SDG"
"3925","HGDP01191.SDG"
"3926","HGDP00328.SDG"
"3927","HGDP00019.SDG"
"3928","HGDP00461.SDG"
"3929","HGDP01312.SDG"
"3930","HGDP00915.SDG"
"3931","HGDP00928.SDG"
"3932","HGDP00530.SDG"
"3933","HGDP00857.SDG"
"3934","HGDP00457.SDG"
"3935","HGDP01355.SDG"
"3936","HGDP01211.SDG"
"3937","HGDP00798.SDG"
"3938","HGDP01203.SDG"
"3939","HGDP00796.SDG"
"3940","JHF05.SG"
"3941","JHM06.SG"
"3942","VindijaG1_final_provisional.SG"
"3943","Saami.SG"
